STATE,CITY,POP
Alabama,Alabama,5074296
Alabama,Autauga County,59759
Alabama,Baldwin County,246435
Alabama,Barbour County,24706
Alabama,Bibb County,22005
Alabama,Blount County,59512
Alabama,Bullock County,10202
Alabama,Butler County,18650
Alabama,Calhoun County,115788
Alabama,Chambers County,34088
Alabama,Cherokee County,25302
Alabama,Chilton County,45884
Alabama,Choctaw County,12439
Alabama,Clarke County,22515
Alabama,Clay County,14198
Alabama,Cleburne County,15346
Alabama,Coffee County,54805
Alabama,Colbert County,58033
Alabama,Conecuh County,11206
Alabama,Coosa County,10166
Alabama,Covington County,37602
Alabama,Crenshaw County,13025
Alabama,Cullman County,90665
Alabama,Dale County,49544
Alabama,Dallas County,36767
Alabama,DeKalb County,71998
Alabama,Elmore County,89563
Alabama,Escambia County,36666
Alabama,Etowah County,103088
Alabama,Fayette County,16118
Alabama,Franklin County,31932
Alabama,Geneva County,26783
Alabama,Greene County,7422
Alabama,Hale County,14595
Alabama,Henry County,17655
Alabama,Houston County,108079
Alabama,Jackson County,52891
Alabama,Jefferson County,665409
Alabama,Lamar County,13705
Alabama,Lauderdale County,95878
Alabama,Lawrence County,33214
Alabama,Lee County,180773
Alabama,Limestone County,110900
Alabama,Lowndes County,9777
Alabama,Macon County,18516
Alabama,Madison County,403565
Alabama,Marengo County,18745
Alabama,Marion County,29156
Alabama,Marshall County,99423
Alabama,Mobile County,411411
Alabama,Monroe County,19404
Alabama,Montgomery County,226361
Alabama,Morgan County,124211
Alabama,Perry County,8035
Alabama,Pickens County,18697
Alabama,Pike County,33014
Alabama,Randolph County,22479
Alabama,Russell County,58555
Alabama,St. Clair County,93932
Alabama,Shelby County,230115
Alabama,Sumter County,11853
Alabama,Talladega County,80704
Alabama,Tallapoosa County,40977
Alabama,Tuscaloosa County,236780
Alabama,Walker County,64339
Alabama,Washington County,15122
Alabama,Wilcox County,10059
Alabama,Winston County,23755
Alaska,Alaska,733583
Alaska,Aleutians East Borough,3398
Alaska,Aleutians West Census Area,5122
Alaska,Anchorage Municipality,287145
Alaska,Bethel Census Area,18257
Alaska,Bristol Bay Borough,865
Alaska,Chugach Census Area,6874
Alaska,Copper River Census Area,2589
Alaska,Denali Borough,1585
Alaska,Dillingham Census Area,4723
Alaska,Fairbanks North Star Borough,95356
Alaska,Haines Borough,2056
Alaska,Hoonah-Angoon Census Area,2287
Alaska,Juneau City and Borough,31685
Alaska,Kenai Peninsula Borough,60690
Alaska,Ketchikan Gateway Borough,13741
Alaska,Kodiak Island Borough,12720
Alaska,Kusilvak Census Area,8278
Alaska,Lake and Peninsula Borough,1381
Alaska,Matanuska-Susitna Borough,113325
Alaska,Nome Census Area,9835
Alaska,North Slope Borough,10805
Alaska,Northwest Arctic Borough,7423
Alaska,Petersburg Borough,3360
Alaska,Prince of Wales-Hyder Census Area,5650
Alaska,Sitka City and Borough,8382
Alaska,Skagway Municipality,1081
Alaska,Southeast Fairbanks Census Area,7021
Alaska,Wrangell City and Borough,2070
Alaska,Yakutat City and Borough,700
Alaska,Yukon-Koyukuk Census Area,5179
Arizona,Arizona,7359197
Arizona,Apache County,65432
Arizona,Cochise County,125663
Arizona,Coconino County,144060
Arizona,Gila County,53922
Arizona,Graham County,38779
Arizona,Greenlee County,9302
Arizona,La Paz County,16506
Arizona,Maricopa County,4551524
Arizona,Mohave County,220816
Arizona,Navajo County,108650
Arizona,Pima County,1057597
Arizona,Pinal County,464154
Arizona,Santa Cruz County,48759
Arizona,Yavapai County,246191
Arizona,Yuma County,207842
Arkansas,Arkansas,3045637
Arkansas,Arkansas County,16512
Arkansas,Ashley County,18354
Arkansas,Baxter County,42435
Arkansas,Benton County,302863
Arkansas,Boone County,38284
Arkansas,Bradley County,10135
Arkansas,Calhoun County,4695
Arkansas,Carroll County,28742
Arkansas,Chicot County,9873
Arkansas,Clark County,21250
Arkansas,Clay County,14265
Arkansas,Cleburne County,25284
Arkansas,Cleveland County,7467
Arkansas,Columbia County,22216
Arkansas,Conway County,21046
Arkansas,Craighead County,113017
Arkansas,Crawford County,61075
Arkansas,Crittenden County,47061
Arkansas,Cross County,16601
Arkansas,Dallas County,6191
Arkansas,Desha County,10771
Arkansas,Drew County,16911
Arkansas,Faulkner County,127665
Arkansas,Franklin County,17271
Arkansas,Fulton County,12382
Arkansas,Garland County,100089
Arkansas,Grant County,18160
Arkansas,Greene County,46448
Arkansas,Hempstead County,19453
Arkansas,Hot Spring County,33203
Arkansas,Howard County,12557
Arkansas,Independence County,37945
Arkansas,Izard County,14048
Arkansas,Jackson County,16624
Arkansas,Jefferson County,64246
Arkansas,Johnson County,26001
Arkansas,Lafayette County,6101
Arkansas,Lawrence County,16205
Arkansas,Lee County,8364
Arkansas,Lincoln County,12916
Arkansas,Little River County,11821
Arkansas,Logan County,21253
Arkansas,Lonoke County,75225
Arkansas,Madison County,17486
Arkansas,Marion County,17254
Arkansas,Miller County,42552
Arkansas,Mississippi County,38896
Arkansas,Monroe County,6564
Arkansas,Montgomery County,8556
Arkansas,Nevada County,8181
Arkansas,Newton County,7078
Arkansas,Ouachita County,22049
Arkansas,Perry County,10063
Arkansas,Phillips County,15304
Arkansas,Pike County,10179
Arkansas,Poinsett County,22495
Arkansas,Polk County,19337
Arkansas,Pope County,64065
Arkansas,Prairie County,8069
Arkansas,Pulaski County,399145
Arkansas,Randolph County,18837
Arkansas,St. Francis County,22451
Arkansas,Saline County,127357
Arkansas,Scott County,9805
Arkansas,Searcy County,7918
Arkansas,Sebastian County,129059
Arkansas,Sevier County,15686
Arkansas,Sharp County,17810
Arkansas,Stone County,12575
Arkansas,Union County,37752
Arkansas,Van Buren County,16102
Arkansas,Washington County,256054
Arkansas,White County,77755
Arkansas,Woodruff County,6049
Arkansas,Yell County,20129
California,California,39029342
California,Alameda County,1628997
California,Alpine County,1190
California,Amador County,41412
California,Butte County,207303
California,Calaveras County,46563
California,Colusa County,21914
California,Contra Costa County,1156966
California,Del Norte County,27082
California,El Dorado County,192646
California,Fresno County,1015190
California,Glenn County,28339
California,Humboldt County,135010
California,Imperial County,178713
California,Inyo County,18718
California,Kern County,916108
California,Kings County,152981
California,Lake County,68191
California,Lassen County,29904
California,Los Angeles County,9721138
California,Madera County,160256
California,Marin County,256018
California,Mariposa County,17020
California,Mendocino County,89783
California,Merced County,290014
California,Modoc County,8511
California,Mono County,12978
California,Monterey County,432858
California,Napa County,134300
California,Nevada County,102293
California,Orange County,3151184
California,Placer County,417772
California,Plumas County,19351
California,Riverside County,2473902
California,Sacramento County,1584169
California,San Benito County,67579
California,San Bernardino County,2193656
California,San Diego County,3276208
California,San Francisco County,808437
California,San Joaquin County,793229
California,San Luis Obispo County,282013
California,San Mateo County,729181
California,Santa Barbara County,443837
California,Santa Clara County,1870945
California,Santa Cruz County,264370
California,Shasta County,180930
California,Sierra County,3217
California,Siskiyou County,43660
California,Solano County,448747
California,Sonoma County,482650
California,Stanislaus County,551275
California,Sutter County,98503
California,Tehama County,65245
California,Trinity County,15781
California,Tulare County,477544
California,Tuolumne County,54531
California,Ventura County,832605
California,Yolo County,222115
California,Yuba County,84310
Colorado,Colorado,5839926
Colorado,Adams County,527575
Colorado,Alamosa County,16592
Colorado,Arapahoe County,655808
Colorado,Archuleta County,14003
Colorado,Baca County,3432
Colorado,Bent County,5399
Colorado,Boulder County,327468
Colorado,Broomfield County,76121
Colorado,Chaffee County,20223
Colorado,Cheyenne County,1732
Colorado,Clear Creek County,9355
Colorado,Conejos County,7579
Colorado,Costilla County,3603
Colorado,Crowley County,5614
Colorado,Custer County,5335
Colorado,Delta County,31602
Colorado,Denver County,713252
Colorado,Dolores County,2455
Colorado,Douglas County,375988
Colorado,Eagle County,55285
Colorado,Elbert County,27799
Colorado,El Paso County,740567
Colorado,Fremont County,49621
Colorado,Garfield County,62271
Colorado,Gilpin County,5891
Colorado,Grand County,15769
Colorado,Gunnison County,17267
Colorado,Hinsdale County,775
Colorado,Huerfano County,7082
Colorado,Jackson County,1302
Colorado,Jefferson County,576143
Colorado,Kiowa County,1424
Colorado,Kit Carson County,6961
Colorado,Lake County,7327
Colorado,La Plata County,56607
Colorado,Larimer County,366778
Colorado,Las Animas County,14327
Colorado,Lincoln County,5510
Colorado,Logan County,20823
Colorado,Mesa County,158636
Colorado,Mineral County,931
Colorado,Moffat County,13177
Colorado,Montezuma County,26468
Colorado,Montrose County,43811
Colorado,Morgan County,29239
Colorado,Otero County,18303
Colorado,Ouray County,5100
Colorado,Park County,17939
Colorado,Phillips County,4449
Colorado,Pitkin County,16876
Colorado,Prowers County,11854
Colorado,Pueblo County,169544
Colorado,Rio Blanco County,6569
Colorado,Rio Grande County,11325
Colorado,Routt County,25007
Colorado,Saguache County,6623
Colorado,San Juan County,803
Colorado,San Miguel County,8003
Colorado,Sedgwick County,2295
Colorado,Summit County,30565
Colorado,Teller County,24857
Colorado,Washington County,4812
Colorado,Weld County,350176
Colorado,Yuma County,9899
Connecticut,Connecticut,3626205
Connecticut,Capitol Planning Region,981447
Connecticut,Greater Bridgeport Planning Region,327286
Connecticut,Lower Connecticut River Valley Planning Regio,176622
Connecticut,Naugatuck Valley Planning Region,454083
Connecticut,Northeastern Connecticut Planning Region,96196
Connecticut,Northwest Hills Planning Region,113234
Connecticut,South Central Connecticut Planning Region,573244
Connecticut,Southeastern Connecticut Planning Region,280403
Connecticut,Western Connecticut Planning Region,623690
Delaware,Delaware,1018396
Delaware,Kent County,186946
Delaware,New Castle County,575494
Delaware,Sussex County,255956
District of Columbia,District of Columbia,671803
District of Columbia,District of Columbia,671803
Florida,Florida,22244823
Florida,Alachua County,284030
Florida,Baker County,27803
Florida,Bay County,185134
Florida,Bradford County,27313
Florida,Brevard County,630693
Florida,Broward County,1947026
Florida,Calhoun County,13464
Florida,Charlotte County,202661
Florida,Citrus County,162529
Florida,Clay County,226589
Florida,Collier County,397994
Florida,Columbia County,71908
Florida,DeSoto County,35312
Florida,Dixie County,17124
Florida,Duval County,1016536
Florida,Escambia County,324878
Florida,Flagler County,126705
Florida,Franklin County,12498
Florida,Gadsden County,43403
Florida,Gilchrist County,18992
Florida,Glades County,12454
Florida,Gulf County,15314
Florida,Hamilton County,13217
Florida,Hardee County,25645
Florida,Hendry County,41339
Florida,Hernando County,206896
Florida,Highlands County,105618
Florida,Hillsborough County,1513301
Florida,Holmes County,19651
Florida,Indian River County,167352
Florida,Jackson County,48211
Florida,Jefferson County,15042
Florida,Lafayette County,7786
Florida,Lake County,410139
Florida,Lee County,822453
Florida,Leon County,297369
Florida,Levy County,45260
Florida,Liberty County,7603
Florida,Madison County,18198
Florida,Manatee County,429125
Florida,Marion County,396415
Florida,Martin County,162006
Florida,Miami-Dade County,2673837
Florida,Monroe County,81708
Florida,Nassau County,97899
Florida,Okaloosa County,216482
Florida,Okeechobee County,40412
Florida,Orange County,1452726
Florida,Osceola County,422545
Florida,Palm Beach County,1518477
Florida,Pasco County,608794
Florida,Pinellas County,961739
Florida,Polk County,787404
Florida,Putnam County,74731
Florida,St. Johns County,306841
Florida,St. Lucie County,358704
Florida,Santa Rosa County,198268
Florida,Sarasota County,462286
Florida,Seminole County,478772
Florida,Sumter County,144970
Florida,Suwannee County,45411
Florida,Taylor County,21283
Florida,Union County,15460
Florida,Volusia County,579192
Florida,Wakulla County,35178
Florida,Walton County,83304
Florida,Washington County,25414
Georgia,Georgia,10912876
Georgia,Appling County,18428
Georgia,Atkinson County,8183
Georgia,Bacon County,11191
Georgia,Baker County,2788
Georgia,Baldwin County,43635
Georgia,Banks County,19328
Georgia,Barrow County,89299
Georgia,Bartow County,112816
Georgia,Ben Hill County,17069
Georgia,Berrien County,18214
Georgia,Bibb County,156197
Georgia,Bleckley County,12257
Georgia,Brantley County,18183
Georgia,Brooks County,16253
Georgia,Bryan County,48225
Georgia,Bulloch County,83059
Georgia,Burke County,24388
Georgia,Butts County,26649
Georgia,Calhoun County,5469
Georgia,Camden County,57013
Georgia,Candler County,11000
Georgia,Carroll County,124592
Georgia,Catoosa County,68826
Georgia,Charlton County,12781
Georgia,Chatham County,301107
Georgia,Chattahoochee County,8819
Georgia,Chattooga County,24936
Georgia,Cherokee County,281278
Georgia,Clarke County,129875
Georgia,Clay County,2845
Georgia,Clayton County,296564
Georgia,Clinch County,6662
Georgia,Cobb County,771952
Georgia,Coffee County,43172
Georgia,Colquitt County,45762
Georgia,Columbia County,162419
Georgia,Cook County,17404
Georgia,Coweta County,152882
Georgia,Crawford County,12140
Georgia,Crisp County,19708
Georgia,Dade County,16081
Georgia,Dawson County,30138
Georgia,Decatur County,28982
Georgia,DeKalb County,762820
Georgia,Dodge County,19802
Georgia,Dooly County,10572
Georgia,Dougherty County,82966
Georgia,Douglas County,147316
Georgia,Early County,10574
Georgia,Echols County,3686
Georgia,Effingham County,69041
Georgia,Elbert County,19814
Georgia,Emanuel County,22929
Georgia,Evans County,10695
Georgia,Fannin County,25737
Georgia,Fayette County,122030
Georgia,Floyd County,99443
Georgia,Forsyth County,267237
Georgia,Franklin County,24128
Georgia,Fulton County,1074634
Georgia,Gilmer County,32407
Georgia,Glascock County,2939
Georgia,Glynn County,85079
Georgia,Gordon County,58954
Georgia,Grady County,26008
Georgia,Greene County,20139
Georgia,Gwinnett County,975353
Georgia,Habersham County,47475
Georgia,Hall County,212692
Georgia,Hancock County,8387
Georgia,Haralson County,31337
Georgia,Harris County,36276
Georgia,Hart County,26909
Georgia,Heard County,11725
Georgia,Henry County,248364
Georgia,Houston County,169631
Georgia,Irwin County,9126
Georgia,Jackson County,83936
Georgia,Jasper County,15951
Georgia,Jeff Davis County,14889
Georgia,Jefferson County,15314
Georgia,Jenkins County,8689
Georgia,Johnson County,9242
Georgia,Jones County,28472
Georgia,Lamar County,19467
Georgia,Lanier County,10171
Georgia,Laurens County,49660
Georgia,Lee County,33642
Georgia,Liberty County,68030
Georgia,Lincoln County,7841
Georgia,Long County,18348
Georgia,Lowndes County,119739
Georgia,Lumpkin County,34796
Georgia,McDuffie County,21713
Georgia,McIntosh County,11180
Georgia,Macon County,11765
Georgia,Madison County,31473
Georgia,Marion County,7449
Georgia,Meriwether County,20845
Georgia,Miller County,5807
Georgia,Mitchell County,21116
Georgia,Monroe County,29427
Georgia,Montgomery County,8655
Georgia,Morgan County,21031
Georgia,Murray County,40472
Georgia,Muscogee County,202616
Georgia,Newton County,117621
Georgia,Oconee County,43588
Georgia,Oglethorpe County,15469
Georgia,Paulding County,178421
Georgia,Peach County,28562
Georgia,Pickens County,34826
Georgia,Pierce County,20168
Georgia,Pike County,19990
Georgia,Polk County,43709
Georgia,Pulaski County,9984
Georgia,Putnam County,22984
Georgia,Quitman County,2249
Georgia,Rabun County,17206
Georgia,Randolph County,6116
Georgia,Richmond County,206640
Georgia,Rockdale County,94984
Georgia,Schley County,4496
Georgia,Screven County,13977
Georgia,Seminole County,9127
Georgia,Spalding County,68919
Georgia,Stephens County,26767
Georgia,Stewart County,4648
Georgia,Sumter County,28877
Georgia,Talbot County,5747
Georgia,Taliaferro County,1600
Georgia,Tattnall County,24064
Georgia,Taylor County,7737
Georgia,Telfair County,12354
Georgia,Terrell County,8754
Georgia,Thomas County,45561
Georgia,Tift County,41412
Georgia,Toombs County,26837
Georgia,Towns County,12972
Georgia,Treutlen County,6365
Georgia,Troup County,70191
Georgia,Turner County,8842
Georgia,Twiggs County,7680
Georgia,Union County,26388
Georgia,Upson County,28086
Georgia,Walker County,68915
Georgia,Walton County,103065
Georgia,Ware County,35614
Georgia,Warren County,5155
Georgia,Washington County,19738
Georgia,Wayne County,30896
Georgia,Webster County,2328
Georgia,Wheeler County,7314
Georgia,White County,28806
Georgia,Whitfield County,103132
Georgia,Wilcox County,8761
Georgia,Wilkes County,9599
Georgia,Wilkinson County,8681
Georgia,Worth County,20424
Hawaii,Hawaii,1440196
Hawaii,Hawaii County,206315
Hawaii,Honolulu County,995638
Hawaii,Kalawao County,82
Hawaii,Kauai County,73810
Hawaii,Maui County,164351
Idaho,Idaho,1939033
Idaho,Ada County,518907
Idaho,Adams County,4817
Idaho,Bannock County,89517
Idaho,Bear Lake County,6722
Idaho,Benewah County,10370
Idaho,Bingham County,49923
Idaho,Blaine County,24866
Idaho,Boise County,8333
Idaho,Bonner County,51414
Idaho,Bonneville County,129496
Idaho,Boundary County,13345
Idaho,Butte County,2684
Idaho,Camas County,1153
Idaho,Canyon County,251065
Idaho,Caribou County,7190
Idaho,Cassia County,25655
Idaho,Clark County,806
Idaho,Clearwater County,9015
Idaho,Custer County,4506
Idaho,Elmore County,29403
Idaho,Franklin County,15189
Idaho,Fremont County,13978
Idaho,Gem County,20418
Idaho,Gooding County,15715
Idaho,Idaho County,17593
Idaho,Jefferson County,33428
Idaho,Jerome County,25311
Idaho,Kootenai County,183578
Idaho,Latah County,40978
Idaho,Lemhi County,8240
Idaho,Lewis County,3763
Idaho,Lincoln County,5329
Idaho,Madison County,54976
Idaho,Minidoka County,22194
Idaho,Nez Perce County,43004
Idaho,Oneida County,4712
Idaho,Owyhee County,12613
Idaho,Payette County,26956
Idaho,Power County,8068
Idaho,Shoshone County,14012
Idaho,Teton County,12544
Idaho,Twin Falls County,93696
Idaho,Valley County,12464
Idaho,Washington County,11087
Illinois,Illinois,12582032
Illinois,Adams County,64725
Illinois,Alexander County,4858
Illinois,Bond County,16566
Illinois,Boone County,53154
Illinois,Brown County,6330
Illinois,Bureau County,32828
Illinois,Calhoun County,4360
Illinois,Carroll County,15529
Illinois,Cass County,12657
Illinois,Champaign County,206542
Illinois,Christian County,33436
Illinois,Clark County,15229
Illinois,Clay County,13047
Illinois,Clinton County,36909
Illinois,Coles County,46334
Illinois,Cook County,5109292
Illinois,Crawford County,18536
Illinois,Cumberland County,10324
Illinois,DeKalb County,100232
Illinois,De Witt County,15310
Illinois,Douglas County,19755
Illinois,DuPage County,920901
Illinois,Edgar County,16433
Illinois,Edwards County,6071
Illinois,Effingham County,34325
Illinois,Fayette County,21305
Illinois,Ford County,13249
Illinois,Franklin County,37242
Illinois,Fulton County,33021
Illinois,Gallatin County,4855
Illinois,Greene County,11651
Illinois,Grundy County,53041
Illinois,Hamilton County,7984
Illinois,Hancock County,17244
Illinois,Hardin County,3597
Illinois,Henderson County,6151
Illinois,Henry County,48419
Illinois,Iroquois County,26473
Illinois,Jackson County,52617
Illinois,Jasper County,9212
Illinois,Jefferson County,36400
Illinois,Jersey County,21246
Illinois,Jo Daviess County,21758
Illinois,Johnson County,13381
Illinois,Kane County,514182
Illinois,Kankakee County,106074
Illinois,Kendall County,137254
Illinois,Knox County,48640
Illinois,Lake County,709150
Illinois,LaSalle County,108078
Illinois,Lawrence County,14914
Illinois,Lee County,33848
Illinois,Livingston County,35521
Illinois,Logan County,27591
Illinois,McDonough County,26861
Illinois,McHenry County,311747
Illinois,McLean County,171141
Illinois,Macon County,101483
Illinois,Macoupin County,44245
Illinois,Madison County,263864
Illinois,Marion County,36914
Illinois,Marshall County,11678
Illinois,Mason County,12748
Illinois,Massac County,13896
Illinois,Menard County,12121
Illinois,Mercer County,15504
Illinois,Monroe County,35033
Illinois,Montgomery County,28020
Illinois,Morgan County,32209
Illinois,Moultrie County,14323
Illinois,Ogle County,51351
Illinois,Peoria County,178383
Illinois,Perry County,20588
Illinois,Piatt County,16723
Illinois,Pike County,14484
Illinois,Pope County,3770
Illinois,Pulaski County,4991
Illinois,Putnam County,5572
Illinois,Randolph County,30068
Illinois,Richland County,15435
Illinois,Rock Island County,141527
Illinois,St. Clair County,252671
Illinois,Saline County,23087
Illinois,Sangamon County,194534
Illinois,Schuyler County,6746
Illinois,Scott County,4790
Illinois,Shelby County,20761
Illinois,Stark County,5345
Illinois,Stephenson County,43627
Illinois,Tazewell County,129911
Illinois,Union County,16767
Illinois,Vermilion County,72337
Illinois,Wabash County,11087
Illinois,Warren County,16354
Illinois,Washington County,13643
Illinois,Wayne County,15872
Illinois,White County,13614
Illinois,Whiteside County,54658
Illinois,Will County,696757
Illinois,Williamson County,66695
Illinois,Winnebago County,282188
Illinois,Woodford County,38128
Indiana,Indiana,6833037
Indiana,Adams County,36068
Indiana,Allen County,391449
Indiana,Bartholomew County,83540
Indiana,Benton County,8719
Indiana,Blackford County,11919
Indiana,Boone County,74164
Indiana,Brown County,15570
Indiana,Carroll County,20555
Indiana,Cass County,37540
Indiana,Clark County,124237
Indiana,Clay County,26379
Indiana,Clinton County,32843
Indiana,Crawford County,10536
Indiana,Daviess County,33418
Indiana,Dearborn County,51138
Indiana,Decatur County,26416
Indiana,DeKalb County,43731
Indiana,Delaware County,112031
Indiana,Dubois County,43632
Indiana,Elkhart County,206890
Indiana,Fayette County,23349
Indiana,Floyd County,80714
Indiana,Fountain County,16574
Indiana,Franklin County,23028
Indiana,Fulton County,20327
Indiana,Gibson County,32993
Indiana,Grant County,66022
Indiana,Greene County,31006
Indiana,Hamilton County,364921
Indiana,Hancock County,83070
Indiana,Harrison County,39851
Indiana,Hendricks County,182534
Indiana,Henry County,48915
Indiana,Howard County,83574
Indiana,Huntington County,36834
Indiana,Jackson County,46300
Indiana,Jasper County,33281
Indiana,Jay County,20198
Indiana,Jefferson County,32946
Indiana,Jennings County,27536
Indiana,Johnson County,165782
Indiana,Knox County,35789
Indiana,Kosciusko County,80826
Indiana,LaGrange County,40866
Indiana,Lake County,499689
Indiana,LaPorte County,111675
Indiana,Lawrence County,45222
Indiana,Madison County,131744
Indiana,Marion County,969466
Indiana,Marshall County,46332
Indiana,Martin County,9803
Indiana,Miami County,35674
Indiana,Monroe County,139745
Indiana,Montgomery County,38273
Indiana,Morgan County,72236
Indiana,Newton County,13823
Indiana,Noble County,47367
Indiana,Ohio County,6114
Indiana,Orange County,19623
Indiana,Owen County,21482
Indiana,Parke County,16369
Indiana,Perry County,19183
Indiana,Pike County,12168
Indiana,Porter County,174791
Indiana,Posey County,25063
Indiana,Pulaski County,12485
Indiana,Putnam County,37301
Indiana,Randolph County,24437
Indiana,Ripley County,29087
Indiana,Rush County,16673
Indiana,St. Joseph County,272234
Indiana,Scott County,24588
Indiana,Shelby County,44991
Indiana,Spencer County,19967
Indiana,Starke County,23258
Indiana,Steuben County,34725
Indiana,Sullivan County,20670
Indiana,Switzerland County,10006
Indiana,Tippecanoe County,188717
Indiana,Tipton County,15361
Indiana,Union County,6952
Indiana,Vanderburgh County,179744
Indiana,Vermillion County,15451
Indiana,Vigo County,106006
Indiana,Wabash County,30828
Indiana,Warren County,8461
Indiana,Warrick County,65185
Indiana,Washington County,28224
Indiana,Wayne County,66273
Indiana,Wells County,28335
Indiana,White County,24598
Indiana,Whitley County,34627
Iowa,Iowa,3200517
Iowa,Adair County,7494
Iowa,Adams County,3611
Iowa,Allamakee County,13960
Iowa,Appanoose County,12094
Iowa,Audubon County,5598
Iowa,Benton County,25711
Iowa,Black Hawk County,130274
Iowa,Boone County,26609
Iowa,Bremer County,25259
Iowa,Buchanan County,20714
Iowa,Buena Vista County,20600
Iowa,Butler County,14269
Iowa,Calhoun County,9725
Iowa,Carroll County,20567
Iowa,Cass County,13104
Iowa,Cedar County,18399
Iowa,Cerro Gordo County,42409
Iowa,Cherokee County,11491
Iowa,Chickasaw County,11716
Iowa,Clarke County,9692
Iowa,Clay County,16475
Iowa,Clayton County,17027
Iowa,Clinton County,46344
Iowa,Crawford County,16123
Iowa,Dallas County,108016
Iowa,Davis County,9130
Iowa,Decatur County,7683
Iowa,Delaware County,17568
Iowa,Des Moines County,38293
Iowa,Dickinson County,18028
Iowa,Dubuque County,98677
Iowa,Emmet County,9176
Iowa,Fayette County,19294
Iowa,Floyd County,15337
Iowa,Franklin County,9916
Iowa,Fremont County,6464
Iowa,Greene County,8741
Iowa,Grundy County,12356
Iowa,Guthrie County,10647
Iowa,Hamilton County,14820
Iowa,Hancock County,10685
Iowa,Hardin County,16567
Iowa,Harrison County,14658
Iowa,Henry County,20196
Iowa,Howard County,9533
Iowa,Humboldt County,9572
Iowa,Ida County,6888
Iowa,Iowa County,16475
Iowa,Jackson County,19324
Iowa,Jasper County,37938
Iowa,Jefferson County,15698
Iowa,Johnson County,156420
Iowa,Jones County,20848
Iowa,Keokuk County,9904
Iowa,Kossuth County,14475
Iowa,Lee County,32840
Iowa,Linn County,229033
Iowa,Louisa County,10677
Iowa,Lucas County,8689
Iowa,Lyon County,12179
Iowa,Madison County,17036
Iowa,Mahaska County,21946
Iowa,Marion County,33642
Iowa,Marshall County,39879
Iowa,Mills County,14553
Iowa,Mitchell County,10532
Iowa,Monona County,8486
Iowa,Monroe County,7550
Iowa,Montgomery County,10205
Iowa,Muscatine County,42377
Iowa,O'Brien County,14060
Iowa,Osceola County,6036
Iowa,Page County,15143
Iowa,Palo Alto County,8764
Iowa,Plymouth County,25681
Iowa,Pocahontas County,7053
Iowa,Polk County,501089
Iowa,Pottawattamie County,93173
Iowa,Poweshiek County,18467
Iowa,Ringgold County,4670
Iowa,Sac County,9673
Iowa,Scott County,173924
Iowa,Shelby County,11645
Iowa,Sioux County,36050
Iowa,Story County,99673
Iowa,Tama County,16903
Iowa,Taylor County,5858
Iowa,Union County,11887
Iowa,Van Buren County,7256
Iowa,Wapello County,35043
Iowa,Warren County,54327
Iowa,Washington County,22571
Iowa,Wayne County,6467
Iowa,Webster County,36626
Iowa,Winnebago County,10617
Iowa,Winneshiek County,19974
Iowa,Woodbury County,105671
Iowa,Worth County,7319
Iowa,Wright County,12681
Kansas,Kansas,2937150
Kansas,Allen County,12579
Kansas,Anderson County,7776
Kansas,Atchison County,16108
Kansas,Barber County,4122
Kansas,Barton County,25080
Kansas,Bourbon County,14493
Kansas,Brown County,9364
Kansas,Butler County,68240
Kansas,Chase County,2548
Kansas,Chautauqua County,3415
Kansas,Cherokee County,19088
Kansas,Cheyenne County,2583
Kansas,Clark County,1933
Kansas,Clay County,8043
Kansas,Cloud County,8946
Kansas,Coffey County,8280
Kansas,Comanche County,1681
Kansas,Cowley County,34453
Kansas,Crawford County,39078
Kansas,Decatur County,2689
Kansas,Dickinson County,18430
Kansas,Doniphan County,7440
Kansas,Douglas County,119964
Kansas,Edwards County,2739
Kansas,Elk County,2441
Kansas,Ellis County,28941
Kansas,Ellsworth County,6355
Kansas,Finney County,37650
Kansas,Ford County,33848
Kansas,Franklin County,25992
Kansas,Geary County,35691
Kansas,Gove County,2717
Kansas,Graham County,2411
Kansas,Grant County,7197
Kansas,Gray County,5729
Kansas,Greeley County,1223
Kansas,Greenwood County,5939
Kansas,Hamilton County,2430
Kansas,Harper County,5323
Kansas,Harvey County,33801
Kansas,Haskell County,3576
Kansas,Hodgeman County,1755
Kansas,Jackson County,13286
Kansas,Jefferson County,18344
Kansas,Jewell County,2898
Kansas,Johnson County,619195
Kansas,Kearny County,3855
Kansas,Kingman County,7193
Kansas,Kiowa County,2404
Kansas,Labette County,19757
Kansas,Lane County,1556
Kansas,Leavenworth County,82892
Kansas,Lincoln County,2899
Kansas,Linn County,9796
Kansas,Logan County,2705
Kansas,Lyon County,31898
Kansas,McPherson County,30012
Kansas,Marion County,11868
Kansas,Marshall County,9982
Kansas,Meade County,3897
Kansas,Miami County,34867
Kansas,Mitchell County,5738
Kansas,Montgomery County,30996
Kansas,Morris County,5349
Kansas,Morton County,2599
Kansas,Nemaha County,10115
Kansas,Neosho County,15606
Kansas,Ness County,2645
Kansas,Norton County,5301
Kansas,Osage County,15654
Kansas,Osborne County,3490
Kansas,Ottawa County,5795
Kansas,Pawnee County,6179
Kansas,Phillips County,4809
Kansas,Pottawatomie County,26273
Kansas,Pratt County,9067
Kansas,Rawlins County,2528
Kansas,Reno County,61516
Kansas,Republic County,4642
Kansas,Rice County,9407
Kansas,Riley County,71108
Kansas,Rooks County,4813
Kansas,Rush County,2927
Kansas,Russell County,6639
Kansas,Saline County,53596
Kansas,Scott County,5014
Kansas,Sedgwick County,525525
Kansas,Seward County,21358
Kansas,Shawnee County,177480
Kansas,Sheridan County,2425
Kansas,Sherman County,5830
Kansas,Smith County,3533
Kansas,Stafford County,3993
Kansas,Stanton County,1963
Kansas,Stevens County,5175
Kansas,Sumner County,22473
Kansas,Thomas County,7893
Kansas,Trego County,2752
Kansas,Wabaunsee County,7019
Kansas,Wallace County,1488
Kansas,Washington County,5501
Kansas,Wichita County,2064
Kansas,Wilson County,8622
Kansas,Woodson County,3109
Kansas,Wyandotte County,165746
Kentucky,Kentucky,4512310
Kentucky,Adair County,19067
Kentucky,Allen County,21275
Kentucky,Anderson County,24224
Kentucky,Ballard County,7650
Kentucky,Barren County,44854
Kentucky,Bath County,12829
Kentucky,Bell County,23568
Kentucky,Boone County,139093
Kentucky,Bourbon County,20093
Kentucky,Boyd County,48110
Kentucky,Boyle County,30904
Kentucky,Bracken County,8452
Kentucky,Breathitt County,13351
Kentucky,Breckinridge County,20943
Kentucky,Bullitt County,83836
Kentucky,Butler County,12295
Kentucky,Caldwell County,12570
Kentucky,Calloway County,37685
Kentucky,Campbell County,93300
Kentucky,Carlisle County,4720
Kentucky,Carroll County,10938
Kentucky,Carter County,26395
Kentucky,Casey County,15920
Kentucky,Christian County,73037
Kentucky,Clark County,37061
Kentucky,Clay County,19913
Kentucky,Clinton County,9123
Kentucky,Crittenden County,8981
Kentucky,Cumberland County,5946
Kentucky,Daviess County,103222
Kentucky,Edmonson County,12269
Kentucky,Elliott County,7293
Kentucky,Estill County,14044
Kentucky,Fayette County,320347
Kentucky,Fleming County,15288
Kentucky,Floyd County,34978
Kentucky,Franklin County,51607
Kentucky,Fulton County,6382
Kentucky,Gallatin County,8763
Kentucky,Garrard County,17589
Kentucky,Grant County,25502
Kentucky,Graves County,36412
Kentucky,Grayson County,26631
Kentucky,Green County,11365
Kentucky,Greenup County,35403
Kentucky,Hancock County,9021
Kentucky,Hardin County,111862
Kentucky,Harlan County,25662
Kentucky,Harrison County,19103
Kentucky,Hart County,19600
Kentucky,Henderson County,44046
Kentucky,Henry County,15771
Kentucky,Hickman County,4422
Kentucky,Hopkins County,44812
Kentucky,Jackson County,12973
Kentucky,Jefferson County,773399
Kentucky,Jessamine County,54254
Kentucky,Johnson County,22244
Kentucky,Kenton County,170313
Kentucky,Knott County,13874
Kentucky,Knox County,29791
Kentucky,Larue County,15163
Kentucky,Laurel County,62885
Kentucky,Lawrence County,16109
Kentucky,Lee County,7261
Kentucky,Leslie County,10093
Kentucky,Letcher County,20893
Kentucky,Lewis County,12954
Kentucky,Lincoln County,24360
Kentucky,Livingston County,8963
Kentucky,Logan County,27877
Kentucky,Lyon County,9101
Kentucky,McCracken County,67490
Kentucky,McCreary County,16701
Kentucky,McLean County,9105
Kentucky,Madison County,95187
Kentucky,Magoffin County,11357
Kentucky,Marion County,19775
Kentucky,Marshall County,31777
Kentucky,Martin County,11095
Kentucky,Mason County,16930
Kentucky,Meade County,30001
Kentucky,Menifee County,6250
Kentucky,Mercer County,22902
Kentucky,Metcalfe County,10370
Kentucky,Monroe County,11355
Kentucky,Montgomery County,28367
Kentucky,Morgan County,14120
Kentucky,Muhlenberg County,30455
Kentucky,Nelson County,47392
Kentucky,Nicholas County,7805
Kentucky,Ohio County,23527
Kentucky,Oldham County,69431
Kentucky,Owen County,11290
Kentucky,Owsley County,3929
Kentucky,Pendleton County,14676
Kentucky,Perry County,27361
Kentucky,Pike County,56286
Kentucky,Powell County,13083
Kentucky,Pulaski County,65795
Kentucky,Robertson County,2229
Kentucky,Rockcastle County,16242
Kentucky,Rowan County,24388
Kentucky,Russell County,18178
Kentucky,Scott County,59099
Kentucky,Shelby County,48886
Kentucky,Simpson County,19949
Kentucky,Spencer County,20204
Kentucky,Taylor County,26407
Kentucky,Todd County,12404
Kentucky,Trigg County,14332
Kentucky,Trimble County,8539
Kentucky,Union County,12961
Kentucky,Warren County,139843
Kentucky,Washington County,12061
Kentucky,Wayne County,19681
Kentucky,Webster County,12726
Kentucky,Whitley County,36873
Kentucky,Wolfe County,6400
Kentucky,Woodford County,27062
Louisiana,Louisiana,4590241
Louisiana,Acadia Parish,56744
Louisiana,Allen Parish,22320
Louisiana,Ascension Parish,130458
Louisiana,Assumption Parish,20604
Louisiana,Avoyelles Parish,38751
Louisiana,Beauregard Parish,36570
Louisiana,Bienville Parish,12641
Louisiana,Bossier Parish,129276
Louisiana,Caddo Parish,229025
Louisiana,Calcasieu Parish,202418
Louisiana,Caldwell Parish,9554
Louisiana,Cameron Parish,4902
Louisiana,Catahoula Parish,8566
Louisiana,Claiborne Parish,13744
Louisiana,Concordia Parish,18116
Louisiana,De Soto Parish,26853
Louisiana,East Baton Rouge Parish,450544
Louisiana,East Carroll Parish,6990
Louisiana,East Feliciana Parish,19135
Louisiana,Evangeline Parish,31986
Louisiana,Franklin Parish,19308
Louisiana,Grant Parish,22000
Louisiana,Iberia Parish,68327
Louisiana,Iberville Parish,29506
Louisiana,Jackson Parish,14839
Louisiana,Jefferson Parish,425884
Louisiana,Jefferson Davis Parish,32026
Louisiana,Lafayette Parish,247866
Louisiana,Lafourche Parish,95870
Louisiana,LaSalle Parish,14729
Louisiana,Lincoln Parish,48129
Louisiana,Livingston Parish,148425
Louisiana,Madison Parish,9478
Louisiana,Morehouse Parish,24446
Louisiana,Natchitoches Parish,36663
Louisiana,Orleans Parish,369749
Louisiana,Ouachita Parish,157702
Louisiana,Plaquemines Parish,22516
Louisiana,Pointe Coupee Parish,20151
Louisiana,Rapides Parish,127189
Louisiana,Red River Parish,7420
Louisiana,Richland Parish,19826
Louisiana,Sabine Parish,21985
Louisiana,St. Bernard Parish,44479
Louisiana,St. Charles Parish,50998
Louisiana,St. Helena Parish,10822
Louisiana,St. James Parish,19423
Louisiana,St. John the Baptist Parish,39864
Louisiana,St. Landry Parish,81773
Louisiana,St. Martin Parish,51236
Louisiana,St. Mary Parish,47789
Louisiana,St. Tammany Parish,273263
Louisiana,Tangipahoa Parish,137048
Louisiana,Tensas Parish,3846
Louisiana,Terrebonne Parish,104786
Louisiana,Union Parish,20721
Louisiana,Vermilion Parish,56952
Louisiana,Vernon Parish,47247
Louisiana,Washington Parish,45025
Louisiana,Webster Parish,35643
Louisiana,West Baton Rouge Parish,28034
Louisiana,West Carroll Parish,9475
Louisiana,West Feliciana Parish,15381
Louisiana,Winn Parish,13205
Maine,Maine,1385340
Maine,Androscoggin County,113023
Maine,Aroostook County,67255
Maine,Cumberland County,307451
Maine,Franklin County,30474
Maine,Hancock County,56701
Maine,Kennebec County,125540
Maine,Knox County,41164
Maine,Lincoln County,36215
Maine,Oxford County,59495
Maine,Penobscot County,153704
Maine,Piscataquis County,17417
Maine,Sagadahoc County,37393
Maine,Somerset County,51098
Maine,Waldo County,40241
Maine,Washington County,31437
Maine,York County,216732
Maryland,Maryland,6164660
Maryland,Allegany County,67267
Maryland,Anne Arundel County,593286
Maryland,Baltimore County,846161
Maryland,Calvert County,94573
Maryland,Caroline County,33433
Maryland,Carroll County,175305
Maryland,Cecil County,104942
Maryland,Charles County,170102
Maryland,Dorchester County,32726
Maryland,Frederick County,287079
Maryland,Garrett County,28579
Maryland,Harford County,263867
Maryland,Howard County,335411
Maryland,Kent County,19320
Maryland,Montgomery County,1052521
Maryland,Prince George's County,946971
Maryland,Queen Anne's County,51711
Maryland,St. Mary's County,114877
Maryland,Somerset County,24546
Maryland,Talbot County,37932
Maryland,Washington County,155590
Maryland,Wicomico County,104664
Maryland,Worcester County,53866
Maryland,Baltimore city,569931
Massachusetts,Massachusetts,6981974
Massachusetts,Barnstable County,232457
Massachusetts,Berkshire County,127859
Massachusetts,Bristol County,580068
Massachusetts,Dukes County,20868
Massachusetts,Essex County,806765
Massachusetts,Franklin County,70894
Massachusetts,Hampden County,461041
Massachusetts,Hampshire County,162588
Massachusetts,Middlesex County,1617105
Massachusetts,Nantucket County,14421
Massachusetts,Norfolk County,725531
Massachusetts,Plymouth County,533069
Massachusetts,Suffolk County,766381
Massachusetts,Worcester County,862927
Michigan,Michigan,10034113
Michigan,Alcona County,10417
Michigan,Alger County,8807
Michigan,Allegan County,121210
Michigan,Alpena County,28847
Michigan,Antrim County,24249
Michigan,Arenac County,15089
Michigan,Baraga County,8277
Michigan,Barry County,63554
Michigan,Bay County,102821
Michigan,Benzie County,18297
Michigan,Berrien County,152900
Michigan,Branch County,44531
Michigan,Calhoun County,133289
Michigan,Cass County,51403
Michigan,Charlevoix County,26293
Michigan,Cheboygan County,25940
Michigan,Chippewa County,36293
Michigan,Clare County,31352
Michigan,Clinton County,79748
Michigan,Crawford County,13491
Michigan,Delta County,36741
Michigan,Dickinson County,25874
Michigan,Eaton County,108992
Michigan,Emmet County,34163
Michigan,Genesee County,401983
Michigan,Gladwin County,25728
Michigan,Gogebic County,14319
Michigan,Grand Traverse County,96464
Michigan,Gratiot County,41100
Michigan,Hillsdale County,45762
Michigan,Houghton County,37035
Michigan,Huron County,31248
Michigan,Ingham County,284108
Michigan,Ionia County,66809
Michigan,Iosco County,25521
Michigan,Iron County,11622
Michigan,Isabella County,64447
Michigan,Jackson County,160066
Michigan,Kalamazoo County,261173
Michigan,Kalkaska County,18182
Michigan,Kent County,659083
Michigan,Keweenaw County,2180
Michigan,Lake County,12594
Michigan,Lapeer County,88780
Michigan,Leelanau County,22870
Michigan,Lenawee County,98567
Michigan,Livingston County,196161
Michigan,Luce County,5330
Michigan,Mackinac County,10941
Michigan,Macomb County,874195
Michigan,Manistee County,25287
Michigan,Marquette County,66661
Michigan,Mason County,29409
Michigan,Mecosta County,40720
Michigan,Menominee County,23266
Michigan,Midland County,83674
Michigan,Missaukee County,15213
Michigan,Monroe County,155609
Michigan,Montcalm County,67433
Michigan,Montmorency County,9569
Michigan,Muskegon County,176565
Michigan,Newaygo County,50886
Michigan,Oakland County,1269431
Michigan,Oceana County,26973
Michigan,Ogemaw County,20970
Michigan,Ontonagon County,5863
Michigan,Osceola County,23274
Michigan,Oscoda County,8404
Michigan,Otsego County,25644
Michigan,Ottawa County,300873
Michigan,Presque Isle County,13361
Michigan,Roscommon County,23708
Michigan,Saginaw County,188330
Michigan,St. Clair County,160151
Michigan,St. Joseph County,60874
Michigan,Sanilac County,40657
Michigan,Schoolcraft County,8188
Michigan,Shiawassee County,68022
Michigan,Tuscola County,52945
Michigan,Van Buren County,75692
Michigan,Washtenaw County,366376
Michigan,Wayne County,1757043
Michigan,Wexford County,34196
Minnesota,Minnesota,5717184
Minnesota,Aitkin County,16126
Minnesota,Anoka County,368864
Minnesota,Becker County,35371
Minnesota,Beltrami County,46799
Minnesota,Benton County,41463
Minnesota,Big Stone County,5144
Minnesota,Blue Earth County,69631
Minnesota,Brown County,25723
Minnesota,Carlton County,36708
Minnesota,Carver County,110034
Minnesota,Cass County,31274
Minnesota,Chippewa County,12284
Minnesota,Chisago County,57988
Minnesota,Clay County,65929
Minnesota,Clearwater County,8649
Minnesota,Cook County,5708
Minnesota,Cottonwood County,11356
Minnesota,Crow Wing County,67948
Minnesota,Dakota County,443341
Minnesota,Dodge County,20981
Minnesota,Douglas County,39668
Minnesota,Faribault County,13926
Minnesota,Fillmore County,21414
Minnesota,Freeborn County,30718
Minnesota,Goodhue County,48013
Minnesota,Grant County,6136
Minnesota,Hennepin County,1260121
Minnesota,Houston County,18800
Minnesota,Hubbard County,21960
Minnesota,Isanti County,42727
Minnesota,Itasca County,45205
Minnesota,Jackson County,9893
Minnesota,Kanabec County,16463
Minnesota,Kandiyohi County,43839
Minnesota,Kittson County,4059
Minnesota,Koochiching County,11844
Minnesota,Lac qui Parle County,6689
Minnesota,Lake County,10939
Minnesota,Lake of the Woods County,3871
Minnesota,Le Sueur County,29153
Minnesota,Lincoln County,5580
Minnesota,Lyon County,25262
Minnesota,McLeod County,36714
Minnesota,Mahnomen County,5328
Minnesota,Marshall County,8861
Minnesota,Martin County,19650
Minnesota,Meeker County,23496
Minnesota,Mille Lacs County,27280
Minnesota,Morrison County,34246
Minnesota,Mower County,40140
Minnesota,Murray County,8060
Minnesota,Nicollet County,34441
Minnesota,Nobles County,21947
Minnesota,Norman County,6377
Minnesota,Olmsted County,164020
Minnesota,Otter Tail County,60519
Minnesota,Pennington County,13845
Minnesota,Pine County,29446
Minnesota,Pipestone County,9355
Minnesota,Polk County,30731
Minnesota,Pope County,11431
Minnesota,Ramsey County,536413
Minnesota,Red Lake County,3874
Minnesota,Redwood County,15361
Minnesota,Renville County,14525
Minnesota,Rice County,67693
Minnesota,Rock County,9537
Minnesota,Roseau County,15292
Minnesota,St. Louis County,199532
Minnesota,Scott County,154520
Minnesota,Sherburne County,100824
Minnesota,Sibley County,14955
Minnesota,Stearns County,160405
Minnesota,Steele County,37398
Minnesota,Stevens County,9637
Minnesota,Swift County,9755
Minnesota,Todd County,25538
Minnesota,Traverse County,3275
Minnesota,Wabasha County,21658
Minnesota,Wadena County,14307
Minnesota,Waseca County,18893
Minnesota,Washington County,275912
Minnesota,Watonwan County,11075
Minnesota,Wilkin County,6350
Minnesota,Winona County,49478
Minnesota,Wright County,148003
Minnesota,Yellow Medicine County,9486
Mississippi,Mississippi,2940057
Mississippi,Adams County,28408
Mississippi,Alcorn County,34204
Mississippi,Amite County,12619
Mississippi,Attala County,17509
Mississippi,Benton County,7550
Mississippi,Bolivar County,29370
Mississippi,Calhoun County,12781
Mississippi,Carroll County,9731
Mississippi,Chickasaw County,16812
Mississippi,Choctaw County,8037
Mississippi,Claiborne County,8805
Mississippi,Clarke County,15271
Mississippi,Clay County,18380
Mississippi,Coahoma County,20197
Mississippi,Copiah County,27719
Mississippi,Covington County,18098
Mississippi,DeSoto County,191723
Mississippi,Forrest County,78110
Mississippi,Franklin County,7642
Mississippi,George County,25206
Mississippi,Greene County,13552
Mississippi,Grenada County,21088
Mississippi,Hancock County,46094
Mississippi,Harrison County,211044
Mississippi,Hinds County,217730
Mississippi,Holmes County,16121
Mississippi,Humphreys County,7333
Mississippi,Issaquena County,1273
Mississippi,Itawamba County,23903
Mississippi,Jackson County,144975
Mississippi,Jasper County,16167
Mississippi,Jefferson County,7087
Mississippi,Jefferson Davis County,11088
Mississippi,Jones County,66569
Mississippi,Kemper County,8654
Mississippi,Lafayette County,57615
Mississippi,Lamar County,65783
Mississippi,Lauderdale County,70904
Mississippi,Lawrence County,11713
Mississippi,Leake County,21135
Mississippi,Lee County,82959
Mississippi,Leflore County,26570
Mississippi,Lincoln County,34717
Mississippi,Lowndes County,57603
Mississippi,Madison County,111113
Mississippi,Marion County,24050
Mississippi,Marshall County,34110
Mississippi,Monroe County,33577
Mississippi,Montgomery County,9530
Mississippi,Neshoba County,28673
Mississippi,Newton County,21029
Mississippi,Noxubee County,9990
Mississippi,Oktibbeha County,51427
Mississippi,Panola County,32661
Mississippi,Pearl River County,57261
Mississippi,Perry County,11368
Mississippi,Pike County,39644
Mississippi,Pontotoc County,31389
Mississippi,Prentiss County,24792
Mississippi,Quitman County,5701
Mississippi,Rankin County,158979
Mississippi,Scott County,27707
Mississippi,Sharkey County,3488
Mississippi,Simpson County,25587
Mississippi,Smith County,14092
Mississippi,Stone County,18669
Mississippi,Sunflower County,24811
Mississippi,Tallahatchie County,12035
Mississippi,Tate County,28296
Mississippi,Tippah County,21431
Mississippi,Tishomingo County,18619
Mississippi,Tunica County,9458
Mississippi,Union County,28125
Mississippi,Walthall County,13761
Mississippi,Warren County,42649
Mississippi,Washington County,42514
Mississippi,Wayne County,19681
Mississippi,Webster County,9993
Mississippi,Wilkinson County,8143
Mississippi,Winston County,17543
Mississippi,Yalobusha County,12364
Mississippi,Yazoo County,25948
Missouri,Missouri,6177957
Missouri,Adair County,25165
Missouri,Andrew County,18003
Missouri,Atchison County,5182
Missouri,Audrain County,24434
Missouri,Barry County,34926
Missouri,Barton County,11694
Missouri,Bates County,16177
Missouri,Benton County,20224
Missouri,Bollinger County,10518
Missouri,Boone County,187690
Missouri,Buchanan County,82911
Missouri,Butler County,42179
Missouri,Caldwell County,8933
Missouri,Callaway County,44762
Missouri,Camden County,43768
Missouri,Cape Girardeau County,82899
Missouri,Carroll County,8423
Missouri,Carter County,5268
Missouri,Cass County,110394
Missouri,Cedar County,14601
Missouri,Chariton County,7386
Missouri,Christian County,93114
Missouri,Clark County,6723
Missouri,Clay County,257033
Missouri,Clinton County,21328
Missouri,Cole County,76969
Missouri,Cooper County,16772
Missouri,Crawford County,22659
Missouri,Dade County,7660
Missouri,Dallas County,17626
Missouri,Daviess County,8435
Missouri,DeKalb County,11336
Missouri,Dent County,14467
Missouri,Douglas County,11975
Missouri,Dunklin County,27406
Missouri,Franklin County,105879
Missouri,Gasconade County,14768
Missouri,Gentry County,6253
Missouri,Greene County,303293
Missouri,Grundy County,9838
Missouri,Harrison County,8199
Missouri,Henry County,22438
Missouri,Hickory County,8630
Missouri,Holt County,4262
Missouri,Howard County,10168
Missouri,Howell County,40631
Missouri,Iron County,9414
Missouri,Jackson County,716531
Missouri,Jasper County,124075
Missouri,Jefferson County,229336
Missouri,Johnson County,54368
Missouri,Knox County,3776
Missouri,Laclede County,36313
Missouri,Lafayette County,32961
Missouri,Lawrence County,38683
Missouri,Lewis County,9891
Missouri,Lincoln County,63155
Missouri,Linn County,11820
Missouri,Livingston County,14402
Missouri,McDonald County,23588
Missouri,Macon County,15049
Missouri,Madison County,12753
Missouri,Maries County,8431
Missouri,Marion County,28438
Missouri,Mercer County,3437
Missouri,Miller County,25403
Missouri,Mississippi County,11688
Missouri,Moniteau County,15220
Missouri,Monroe County,8652
Missouri,Montgomery County,11470
Missouri,Morgan County,21785
Missouri,New Madrid County,15695
Missouri,Newton County,60011
Missouri,Nodaway County,20670
Missouri,Oregon County,8732
Missouri,Osage County,13399
Missouri,Ozark County,8940
Missouri,Pemiscot County,14841
Missouri,Perry County,18858
Missouri,Pettis County,43353
Missouri,Phelps County,45313
Missouri,Pike County,17664
Missouri,Platte County,110534
Missouri,Polk County,32693
Missouri,Pulaski County,53941
Missouri,Putnam County,4666
Missouri,Ralls County,10420
Missouri,Randolph County,24622
Missouri,Ray County,23107
Missouri,Reynolds County,6006
Missouri,Ripley County,10703
Missouri,St. Charles County,413803
Missouri,St. Clair County,9576
Missouri,Ste. Genevieve County,18644
Missouri,St. Francois County,66969
Missouri,St. Louis County,990414
Missouri,Saline County,23007
Missouri,Schuyler County,4002
Missouri,Scotland County,4643
Missouri,Scott County,37840
Missouri,Shannon County,7193
Missouri,Shelby County,5982
Missouri,Stoddard County,28377
Missouri,Stone County,32136
Missouri,Sullivan County,5840
Missouri,Taney County,56821
Missouri,Texas County,25336
Missouri,Vernon County,19651
Missouri,Warren County,37260
Missouri,Washington County,23441
Missouri,Wayne County,10792
Missouri,Webster County,40335
Missouri,Worth County,1955
Missouri,Wright County,19156
Missouri,St. Louis city,286578
Montana,Montana,1122867
Montana,Beaverhead County,9719
Montana,Big Horn County,12851
Montana,Blaine County,6936
Montana,Broadwater County,7793
Montana,Carbon County,11179
Montana,Carter County,1382
Montana,Cascade County,84864
Montana,Chouteau County,5898
Montana,Custer County,12032
Montana,Daniels County,1628
Montana,Dawson County,8830
Montana,Deer Lodge County,9510
Montana,Fallon County,3011
Montana,Fergus County,11663
Montana,Flathead County,111814
Montana,Gallatin County,124857
Montana,Garfield County,1218
Montana,Glacier County,13681
Montana,Golden Valley County,835
Montana,Granite County,3502
Montana,Hill County,16068
Montana,Jefferson County,12826
Montana,Judith Basin County,2105
Montana,Lake County,32853
Montana,Lewis and Clark County,73832
Montana,Liberty County,1972
Montana,Lincoln County,21525
Montana,McCone County,1709
Montana,Madison County,9265
Montana,Meagher County,2013
Montana,Mineral County,5058
Montana,Missoula County,121041
Montana,Musselshell County,5197
Montana,Park County,17790
Montana,Petroleum County,524
Montana,Phillips County,4240
Montana,Pondera County,6078
Montana,Powder River County,1725
Montana,Powell County,7051
Montana,Prairie County,1107
Montana,Ravalli County,47298
Montana,Richland County,11237
Montana,Roosevelt County,10572
Montana,Rosebud County,8088
Montana,Sanders County,13442
Montana,Sheridan County,3564
Montana,Silver Bow County,36068
Montana,Stillwater County,9177
Montana,Sweet Grass County,3715
Montana,Teton County,6368
Montana,Toole County,5082
Montana,Treasure County,758
Montana,Valley County,7513
Montana,Wheatland County,2032
Montana,Wibaux County,919
Montana,Yellowstone County,169852
Nebraska,Nebraska,1967923
Nebraska,Adams County,30970
Nebraska,Antelope County,6293
Nebraska,Arthur County,433
Nebraska,Banner County,660
Nebraska,Blaine County,453
Nebraska,Boone County,5385
Nebraska,Box Butte County,10672
Nebraska,Boyd County,1741
Nebraska,Brown County,2872
Nebraska,Buffalo County,50586
Nebraska,Burt County,6755
Nebraska,Butler County,8427
Nebraska,Cass County,27122
Nebraska,Cedar County,8371
Nebraska,Chase County,3772
Nebraska,Cherry County,5464
Nebraska,Cheyenne County,9511
Nebraska,Clay County,6049
Nebraska,Colfax County,10444
Nebraska,Cuming County,8929
Nebraska,Custer County,10476
Nebraska,Dakota County,21042
Nebraska,Dawes County,8241
Nebraska,Dawson County,23884
Nebraska,Deuel County,1902
Nebraska,Dixon County,5464
Nebraska,Dodge County,36997
Nebraska,Douglas County,586327
Nebraska,Dundy County,1590
Nebraska,Fillmore County,5553
Nebraska,Franklin County,2873
Nebraska,Frontier County,2633
Nebraska,Furnas County,4575
Nebraska,Gage County,21583
Nebraska,Garden County,1837
Nebraska,Garfield County,1801
Nebraska,Gosper County,1808
Nebraska,Grant County,576
Nebraska,Greeley County,2227
Nebraska,Hall County,62097
Nebraska,Hamilton County,9429
Nebraska,Harlan County,3054
Nebraska,Hayes County,849
Nebraska,Hitchcock County,2598
Nebraska,Holt County,10043
Nebraska,Hooker County,686
Nebraska,Howard County,6515
Nebraska,Jefferson County,7154
Nebraska,Johnson County,5287
Nebraska,Kearney County,6690
Nebraska,Keith County,8269
Nebraska,Keya Paha County,787
Nebraska,Kimball County,3315
Nebraska,Knox County,8336
Nebraska,Lancaster County,324756
Nebraska,Lincoln County,33685
Nebraska,Logan County,675
Nebraska,Loup County,599
Nebraska,McPherson County,372
Nebraska,Madison County,35368
Nebraska,Merrick County,7721
Nebraska,Morrill County,4527
Nebraska,Nance County,3326
Nebraska,Nemaha County,7035
Nebraska,Nuckolls County,4041
Nebraska,Otoe County,16198
Nebraska,Pawnee County,2528
Nebraska,Perkins County,2829
Nebraska,Phelps County,8988
Nebraska,Pierce County,7332
Nebraska,Platte County,34296
Nebraska,Polk County,5166
Nebraska,Red Willow County,10573
Nebraska,Richardson County,7705
Nebraska,Rock County,1245
Nebraska,Saline County,14116
Nebraska,Sarpy County,196553
Nebraska,Saunders County,23118
Nebraska,Scotts Bluff County,35603
Nebraska,Seward County,17692
Nebraska,Sheridan County,4996
Nebraska,Sherman County,2980
Nebraska,Sioux County,1127
Nebraska,Stanton County,5717
Nebraska,Thayer County,4885
Nebraska,Thomas County,671
Nebraska,Thurston County,6507
Nebraska,Valley County,4073
Nebraska,Washington County,21167
Nebraska,Wayne County,9871
Nebraska,Webster County,3336
Nebraska,Wheeler County,785
Nebraska,York County,14354
Nevada,Nevada,3177772
Nevada,Churchill County,25843
Nevada,Clark County,2322985
Nevada,Douglas County,49628
Nevada,Elko County,54046
Nevada,Esmeralda County,744
Nevada,Eureka County,1863
Nevada,Humboldt County,17272
Nevada,Lander County,5766
Nevada,Lincoln County,4482
Nevada,Lyon County,61585
Nevada,Mineral County,4525
Nevada,Nye County,54738
Nevada,Pershing County,6462
Nevada,Storey County,4170
Nevada,Washoe County,496745
Nevada,White Pine County,8788
Nevada,Carson City,58130
New Hampshire,New Hampshire,1395231
New Hampshire,Belknap County,64781
New Hampshire,Carroll County,52199
New Hampshire,Cheshire County,77350
New Hampshire,Coos County,31504
New Hampshire,Grafton County,91126
New Hampshire,Hillsborough County,426594
New Hampshire,Merrimack County,156020
New Hampshire,Rockingham County,319424
New Hampshire,Strafford County,132275
New Hampshire,Sullivan County,43958
New Jersey,New Jersey,9261699
New Jersey,Atlantic County,275638
New Jersey,Bergen County,952997
New Jersey,Burlington County,466103
New Jersey,Camden County,524907
New Jersey,Cape May County,95634
New Jersey,Cumberland County,151356
New Jersey,Essex County,849477
New Jersey,Gloucester County,306601
New Jersey,Hudson County,703366
New Jersey,Hunterdon County,129777
New Jersey,Mercer County,380688
New Jersey,Middlesex County,861418
New Jersey,Monmouth County,644098
New Jersey,Morris County,511151
New Jersey,Ocean County,655735
New Jersey,Passaic County,513936
New Jersey,Salem County,65117
New Jersey,Somerset County,346875
New Jersey,Sussex County,146084
New Jersey,Union County,569815
New Jersey,Warren County,110926
New Mexico,New Mexico,2113344
New Mexico,Bernalillo County,672508
New Mexico,Catron County,3827
New Mexico,Chaves County,63894
New Mexico,Cibola County,26950
New Mexico,Colfax County,12246
New Mexico,Curry County,47532
New Mexico,De Baca County,1693
New Mexico,Doa Ana County,223337
New Mexico,Eddy County,60400
New Mexico,Grant County,27686
New Mexico,Guadalupe County,4310
New Mexico,Harding County,628
New Mexico,Hidalgo County,4003
New Mexico,Lea County,72452
New Mexico,Lincoln County,20411
New Mexico,Los Alamos County,19187
New Mexico,Luna County,25749
New Mexico,McKinley County,69830
New Mexico,Mora County,4169
New Mexico,Otero County,68823
New Mexico,Quay County,8546
New Mexico,Rio Arriba County,40048
New Mexico,Roosevelt County,18934
New Mexico,Sandoval County,153501
New Mexico,San Juan County,120418
New Mexico,San Miguel County,26953
New Mexico,Santa Fe County,155664
New Mexico,Sierra County,11436
New Mexico,Socorro County,16115
New Mexico,Taos County,34580
New Mexico,Torrance County,15454
New Mexico,Union County,3980
New Mexico,Valencia County,78080
New York,New York,19677151
New York,Albany County,315811
New York,Allegany County,46694
New York,Bronx County,1379946
New York,Broome County,197117
New York,Cattaraugus County,76439
New York,Cayuga County,74998
New York,Chautauqua County,126027
New York,Chemung County,81426
New York,Chenango County,46458
New York,Clinton County,78753
New York,Columbia County,61286
New York,Cortland County,46126
New York,Delaware County,44740
New York,Dutchess County,297545
New York,Erie County,950312
New York,Essex County,36910
New York,Franklin County,46373
New York,Fulton County,52669
New York,Genesee County,57535
New York,Greene County,48061
New York,Hamilton County,5118
New York,Herkimer County,59822
New York,Jefferson County,116637
New York,Kings County,2590516
New York,Lewis County,26699
New York,Livingston County,61516
New York,Madison County,67097
New York,Monroe County,752035
New York,Montgomery County,49623
New York,Nassau County,1383726
New York,New York County,1596273
New York,Niagara County,210880
New York,Oneida County,228846
New York,Onondaga County,468249
New York,Ontario County,112707
New York,Orange County,405941
New York,Orleans County,39318
New York,Oswego County,118287
New York,Otsego County,60636
New York,Putnam County,98045
New York,Queens County,2278029
New York,Rensselaer County,159853
New York,Richmond County,491133
New York,Rockland County,339022
New York,St. Lawrence County,107733
New York,Saratoga County,238797
New York,Schenectady County,160093
New York,Schoharie County,30063
New York,Schuyler County,17650
New York,Seneca County,32882
New York,Steuben County,92599
New York,Suffolk County,1525465
New York,Sullivan County,79658
New York,Tioga County,47772
New York,Tompkins County,104777
New York,Ulster County,182319
New York,Warren County,65599
New York,Washington County,60841
New York,Wayne County,91125
New York,Westchester County,990427
New York,Wyoming County,39666
New York,Yates County,24451
North Carolina,North Carolina,10698973
North Carolina,Alamance County,176353
North Carolina,Alexander County,36512
North Carolina,Alleghany County,11185
North Carolina,Anson County,22202
North Carolina,Ashe County,27110
North Carolina,Avery County,17571
North Carolina,Beaufort County,44272
North Carolina,Bertie County,17240
North Carolina,Bladen County,29446
North Carolina,Brunswick County,153064
North Carolina,Buncombe County,273589
North Carolina,Burke County,87881
North Carolina,Cabarrus County,235797
North Carolina,Caldwell County,80492
North Carolina,Camden County,11088
North Carolina,Carteret County,69380
North Carolina,Caswell County,22614
North Carolina,Catawba County,163462
North Carolina,Chatham County,79864
North Carolina,Cherokee County,29512
North Carolina,Chowan County,13940
North Carolina,Clay County,11614
North Carolina,Cleveland County,100670
North Carolina,Columbus County,49885
North Carolina,Craven County,100874
North Carolina,Cumberland County,336699
North Carolina,Currituck County,31015
North Carolina,Dare County,37956
North Carolina,Davidson County,172586
North Carolina,Davie County,44090
North Carolina,Duplin County,48990
North Carolina,Durham County,332680
North Carolina,Edgecombe County,48301
North Carolina,Forsyth County,389157
North Carolina,Franklin County,74539
North Carolina,Gaston County,234215
North Carolina,Gates County,10383
North Carolina,Graham County,7980
North Carolina,Granville County,61903
North Carolina,Greene County,20211
North Carolina,Guilford County,546101
North Carolina,Halifax County,47848
North Carolina,Harnett County,138832
North Carolina,Haywood County,62609
North Carolina,Henderson County,118106
North Carolina,Hertford County,20875
North Carolina,Hoke County,53787
North Carolina,Hyde County,4576
North Carolina,Iredell County,195897
North Carolina,Jackson County,42955
North Carolina,Johnston County,234778
North Carolina,Jones County,9233
North Carolina,Lee County,65476
North Carolina,Lenoir County,54633
North Carolina,Lincoln County,93095
North Carolina,McDowell County,44753
North Carolina,Macon County,38065
North Carolina,Madison County,21768
North Carolina,Martin County,21508
North Carolina,Mecklenburg County,1145392
North Carolina,Mitchell County,15094
North Carolina,Montgomery County,25894
North Carolina,Moore County,105531
North Carolina,Nash County,95789
North Carolina,New Hanover County,234921
North Carolina,Northampton County,16779
North Carolina,Onslow County,207298
North Carolina,Orange County,150477
North Carolina,Pamlico County,12381
North Carolina,Pasquotank County,40938
North Carolina,Pender County,65737
North Carolina,Perquimans County,13210
North Carolina,Person County,39386
North Carolina,Pitt County,173542
North Carolina,Polk County,19986
North Carolina,Randolph County,146043
North Carolina,Richmond County,42778
North Carolina,Robeson County,116663
North Carolina,Rockingham County,91957
North Carolina,Rowan County,149645
North Carolina,Rutherford County,64963
North Carolina,Sampson County,59120
North Carolina,Scotland County,34162
North Carolina,Stanly County,64153
North Carolina,Stokes County,45175
North Carolina,Surry County,71403
North Carolina,Swain County,13967
North Carolina,Transylvania County,33355
North Carolina,Tyrrell County,3365
North Carolina,Union County,249070
North Carolina,Vance County,42138
North Carolina,Wake County,1175021
North Carolina,Warren County,18713
North Carolina,Washington County,10828
North Carolina,Watauga County,55089
North Carolina,Wayne County,117286
North Carolina,Wilkes County,65784
North Carolina,Wilson County,78449
North Carolina,Yadkin County,37463
North Carolina,Yancey County,18811
North Dakota,North Dakota,779261
North Dakota,Adams County,2115
North Dakota,Barnes County,10758
North Dakota,Benson County,5770
North Dakota,Billings County,1018
North Dakota,Bottineau County,6376
North Dakota,Bowman County,2894
North Dakota,Burke County,2155
North Dakota,Burleigh County,99280
North Dakota,Cass County,192734
North Dakota,Cavalier County,3597
North Dakota,Dickey County,4923
North Dakota,Divide County,2187
North Dakota,Dunn County,4015
North Dakota,Eddy County,2314
North Dakota,Emmons County,3250
North Dakota,Foster County,3378
North Dakota,Golden Valley County,1744
North Dakota,Grand Forks County,72413
North Dakota,Grant County,2243
North Dakota,Griggs County,2252
North Dakota,Hettinger County,2406
North Dakota,Kidder County,2393
North Dakota,LaMoure County,4098
North Dakota,Logan County,1855
North Dakota,McHenry County,5189
North Dakota,McIntosh County,2475
North Dakota,McKenzie County,13908
North Dakota,McLean County,9824
North Dakota,Mercer County,8333
North Dakota,Morton County,33710
North Dakota,Mountrail County,9290
North Dakota,Nelson County,2995
North Dakota,Oliver County,1856
North Dakota,Pembina County,6763
North Dakota,Pierce County,3942
North Dakota,Ramsey County,11515
North Dakota,Ransom County,5640
North Dakota,Renville County,2220
North Dakota,Richland County,16580
North Dakota,Rolette County,11933
North Dakota,Sargent County,3795
North Dakota,Sheridan County,1295
North Dakota,Sioux County,3711
North Dakota,Slope County,672
North Dakota,Stark County,32803
North Dakota,Steele County,1788
North Dakota,Stutsman County,21487
North Dakota,Towner County,2064
North Dakota,Traill County,7958
North Dakota,Walsh County,10438
North Dakota,Ward County,68870
North Dakota,Wells County,3930
North Dakota,Williams County,38109
Ohio,Ohio,11756058
Ohio,Adams County,27420
Ohio,Allen County,101115
Ohio,Ashland County,52181
Ohio,Ashtabula County,97014
Ohio,Athens County,58979
Ohio,Auglaize County,45948
Ohio,Belmont County,65509
Ohio,Brown County,43680
Ohio,Butler County,388420
Ohio,Carroll County,26659
Ohio,Champaign County,38709
Ohio,Clark County,134831
Ohio,Clermont County,210805
Ohio,Clinton County,41964
Ohio,Columbiana County,100511
Ohio,Coshocton County,36571
Ohio,Crawford County,41522
Ohio,Cuyahoga County,1236041
Ohio,Darke County,51529
Ohio,Defiance County,38187
Ohio,Delaware County,226296
Ohio,Erie County,74501
Ohio,Fairfield County,162898
Ohio,Fayette County,28839
Ohio,Franklin County,1321820
Ohio,Fulton County,42171
Ohio,Gallia County,29068
Ohio,Geauga County,95469
Ohio,Greene County,168456
Ohio,Guernsey County,38098
Ohio,Hamilton County,825037
Ohio,Hancock County,74861
Ohio,Hardin County,30416
Ohio,Harrison County,14378
Ohio,Henry County,27512
Ohio,Highland County,43391
Ohio,Hocking County,27858
Ohio,Holmes County,44390
Ohio,Huron County,58218
Ohio,Jackson County,32586
Ohio,Jefferson County,64330
Ohio,Knox County,63183
Ohio,Lake County,231842
Ohio,Lawrence County,56653
Ohio,Licking County,181359
Ohio,Logan County,46040
Ohio,Lorain County,316268
Ohio,Lucas County,426643
Ohio,Madison County,43540
Ohio,Mahoning County,225636
Ohio,Marion County,64642
Ohio,Medina County,183512
Ohio,Meigs County,21969
Ohio,Mercer County,42348
Ohio,Miami County,110247
Ohio,Monroe County,13234
Ohio,Montgomery County,533892
Ohio,Morgan County,13668
Ohio,Morrow County,35339
Ohio,Muskingum County,86113
Ohio,Noble County,14335
Ohio,Ottawa County,39978
Ohio,Paulding County,18757
Ohio,Perry County,35480
Ohio,Pickaway County,60023
Ohio,Pike County,27005
Ohio,Portage County,161745
Ohio,Preble County,40596
Ohio,Putnam County,34334
Ohio,Richland County,125319
Ohio,Ross County,76606
Ohio,Sandusky County,58667
Ohio,Scioto County,72194
Ohio,Seneca County,54632
Ohio,Shelby County,47671
Ohio,Stark County,372657
Ohio,Summit County,535882
Ohio,Trumbull County,200643
Ohio,Tuscarawas County,91937
Ohio,Union County,66898
Ohio,Van Wert County,28769
Ohio,Vinton County,12565
Ohio,Warren County,249778
Ohio,Washington County,58901
Ohio,Wayne County,116559
Ohio,Williams County,36652
Ohio,Wood County,131592
Ohio,Wyandot County,21567
Oklahoma,Oklahoma,4019800
Oklahoma,Adair County,19576
Oklahoma,Alfalfa County,5637
Oklahoma,Atoka County,14262
Oklahoma,Beaver County,5016
Oklahoma,Beckham County,22009
Oklahoma,Blaine County,8409
Oklahoma,Bryan County,48182
Oklahoma,Caddo County,26198
Oklahoma,Canadian County,169149
Oklahoma,Carter County,48510
Oklahoma,Cherokee County,48098
Oklahoma,Choctaw County,14358
Oklahoma,Cimarron County,2252
Oklahoma,Cleveland County,299587
Oklahoma,Coal County,5313
Oklahoma,Comanche County,123046
Oklahoma,Cotton County,5477
Oklahoma,Craig County,14123
Oklahoma,Creek County,72699
Oklahoma,Custer County,27886
Oklahoma,Delaware County,41413
Oklahoma,Dewey County,4401
Oklahoma,Ellis County,3657
Oklahoma,Garfield County,61920
Oklahoma,Garvin County,25713
Oklahoma,Grady County,56658
Oklahoma,Grant County,4124
Oklahoma,Greer County,5547
Oklahoma,Harmon County,2428
Oklahoma,Harper County,3129
Oklahoma,Haskell County,11641
Oklahoma,Hughes County,13407
Oklahoma,Jackson County,24556
Oklahoma,Jefferson County,5389
Oklahoma,Johnston County,10406
Oklahoma,Kay County,43668
Oklahoma,Kingfisher County,15293
Oklahoma,Kiowa County,8345
Oklahoma,Latimer County,9630
Oklahoma,Le Flore County,48907
Oklahoma,Lincoln County,34188
Oklahoma,Logan County,51933
Oklahoma,Love County,10218
Oklahoma,McClain County,45306
Oklahoma,McCurtain County,30931
Oklahoma,McIntosh County,19451
Oklahoma,Major County,7502
Oklahoma,Marshall County,15882
Oklahoma,Mayes County,39589
Oklahoma,Murray County,13672
Oklahoma,Muskogee County,66354
Oklahoma,Noble County,10896
Oklahoma,Nowata County,9483
Oklahoma,Okfuskee County,11134
Oklahoma,Oklahoma County,802559
Oklahoma,Okmulgee County,36990
Oklahoma,Osage County,45839
Oklahoma,Ottawa County,30338
Oklahoma,Pawnee County,15757
Oklahoma,Payne County,82794
Oklahoma,Pittsburg County,43613
Oklahoma,Pontotoc County,38141
Oklahoma,Pottawatomie County,73533
Oklahoma,Pushmataha County,10769
Oklahoma,Roger Mills County,3320
Oklahoma,Rogers County,98836
Oklahoma,Seminole County,23351
Oklahoma,Sequoyah County,39667
Oklahoma,Stephens County,43710
Oklahoma,Texas County,20495
Oklahoma,Tillman County,6977
Oklahoma,Tulsa County,677358
Oklahoma,Wagoner County,86644
Oklahoma,Washington County,53242
Oklahoma,Washita County,10732
Oklahoma,Woods County,8587
Oklahoma,Woodward County,19990
Oregon,Oregon,4240137
Oregon,Baker County,16938
Oregon,Benton County,97630
Oregon,Clackamas County,423177
Oregon,Clatsop County,41695
Oregon,Columbia County,53588
Oregon,Coos County,64990
Oregon,Crook County,26375
Oregon,Curry County,23598
Oregon,Deschutes County,206549
Oregon,Douglas County,112297
Oregon,Gilliam County,2018
Oregon,Grant County,7218
Oregon,Harney County,7515
Oregon,Hood River County,24048
Oregon,Jackson County,221644
Oregon,Jefferson County,25330
Oregon,Josephine County,87730
Oregon,Klamath County,70212
Oregon,Lake County,8385
Oregon,Lane County,382353
Oregon,Lincoln County,50813
Oregon,Linn County,130467
Oregon,Malheur County,31879
Oregon,Marion County,346703
Oregon,Morrow County,12300
Oregon,Multnomah County,795083
Oregon,Polk County,89614
Oregon,Sherman County,1955
Oregon,Tillamook County,27574
Oregon,Umatilla County,80215
Oregon,Union County,26177
Oregon,Wallowa County,7659
Oregon,Wasco County,26561
Oregon,Washington County,600176
Oregon,Wheeler County,1445
Oregon,Yamhill County,108226
Pennsylvania,Pennsylvania,12972008
Pennsylvania,Adams County,106027
Pennsylvania,Allegheny County,1233253
Pennsylvania,Armstrong County,64747
Pennsylvania,Beaver County,165677
Pennsylvania,Bedford County,47418
Pennsylvania,Berks County,430449
Pennsylvania,Blair County,121032
Pennsylvania,Bradford County,59866
Pennsylvania,Bucks County,645054
Pennsylvania,Butler County,197300
Pennsylvania,Cambria County,131441
Pennsylvania,Cameron County,4418
Pennsylvania,Carbon County,65460
Pennsylvania,Centre County,158425
Pennsylvania,Chester County,545823
Pennsylvania,Clarion County,37346
Pennsylvania,Clearfield County,77904
Pennsylvania,Clinton County,37931
Pennsylvania,Columbia County,64926
Pennsylvania,Crawford County,82670
Pennsylvania,Cumberland County,268579
Pennsylvania,Dauphin County,288800
Pennsylvania,Delaware County,575182
Pennsylvania,Elk County,30477
Pennsylvania,Erie County,267689
Pennsylvania,Fayette County,125755
Pennsylvania,Forest County,6626
Pennsylvania,Franklin County,156902
Pennsylvania,Fulton County,14533
Pennsylvania,Greene County,34663
Pennsylvania,Huntingdon County,43281
Pennsylvania,Indiana County,82957
Pennsylvania,Jefferson County,43794
Pennsylvania,Juniata County,23339
Pennsylvania,Lackawanna County,215615
Pennsylvania,Lancaster County,556629
Pennsylvania,Lawrence County,84849
Pennsylvania,Lebanon County,144011
Pennsylvania,Lehigh County,376317
Pennsylvania,Luzerne County,326369
Pennsylvania,Lycoming County,113104
Pennsylvania,McKean County,39866
Pennsylvania,Mercer County,109220
Pennsylvania,Mifflin County,45988
Pennsylvania,Monroe County,167198
Pennsylvania,Montgomery County,864683
Pennsylvania,Montour County,18091
Pennsylvania,Northampton County,318526
Pennsylvania,Northumberland County,90133
Pennsylvania,Perry County,46114
Pennsylvania,Philadelphia County,1567258
Pennsylvania,Pike County,60558
Pennsylvania,Potter County,16220
Pennsylvania,Schuylkill County,143104
Pennsylvania,Snyder County,39652
Pennsylvania,Somerset County,72710
Pennsylvania,Sullivan County,5855
Pennsylvania,Susquehanna County,38074
Pennsylvania,Tioga County,41106
Pennsylvania,Union County,42744
Pennsylvania,Venango County,49777
Pennsylvania,Warren County,37808
Pennsylvania,Washington County,210383
Pennsylvania,Wayne County,51173
Pennsylvania,Westmoreland County,352057
Pennsylvania,Wyoming County,26014
Pennsylvania,York County,461058
Rhode Island,Rhode Island,1093734
Rhode Island,Bristol County,50360
Rhode Island,Kent County,171275
Rhode Island,Newport County,84481
Rhode Island,Providence County,657288
Rhode Island,Washington County,130330
South Carolina,South Carolina,5282634
South Carolina,Abbeville County,24356
South Carolina,Aiken County,174150
South Carolina,Allendale County,7579
South Carolina,Anderson County,209581
South Carolina,Bamberg County,12908
South Carolina,Barnwell County,20414
South Carolina,Beaufort County,196371
South Carolina,Berkeley County,245117
South Carolina,Calhoun County,14179
South Carolina,Charleston County,419279
South Carolina,Cherokee County,56121
South Carolina,Chester County,31931
South Carolina,Chesterfield County,43683
South Carolina,Clarendon County,30913
South Carolina,Colleton County,38599
South Carolina,Darlington County,62398
South Carolina,Dillon County,27738
South Carolina,Dorchester County,166133
South Carolina,Edgefield County,26932
South Carolina,Fairfield County,20455
South Carolina,Florence County,136721
South Carolina,Georgetown County,64722
South Carolina,Greenville County,547950
South Carolina,Greenwood County,69267
South Carolina,Hampton County,18113
South Carolina,Horry County,383101
South Carolina,Jasper County,32039
South Carolina,Kershaw County,67751
South Carolina,Lancaster County,104577
South Carolina,Laurens County,67965
South Carolina,Lee County,16153
South Carolina,Lexington County,304797
South Carolina,McCormick County,9764
South Carolina,Marion County,28450
South Carolina,Marlboro County,26039
South Carolina,Newberry County,38247
South Carolina,Oconee County,80180
South Carolina,Orangeburg County,83094
South Carolina,Pickens County,133462
South Carolina,Richland County,421566
South Carolina,Saluda County,18938
South Carolina,Spartanburg County,345831
South Carolina,Sumter County,104012
South Carolina,Union County,26752
South Carolina,Williamsburg County,30058
South Carolina,York County,294248
South Dakota,South Dakota,909824
South Dakota,Aurora County,2755
South Dakota,Beadle County,19376
South Dakota,Bennett County,3336
South Dakota,Bon Homme County,7062
South Dakota,Brookings County,35484
South Dakota,Brown County,37972
South Dakota,Brule County,5321
South Dakota,Buffalo County,1861
South Dakota,Butte County,10774
South Dakota,Campbell County,1349
South Dakota,Charles Mix County,9213
South Dakota,Clark County,3912
South Dakota,Clay County,15280
South Dakota,Codington County,28721
South Dakota,Corson County,3826
South Dakota,Custer County,9006
South Dakota,Davison County,19973
South Dakota,Day County,5479
South Dakota,Deuel County,4352
South Dakota,Dewey County,5140
South Dakota,Douglas County,2776
South Dakota,Edmunds County,4065
South Dakota,Fall River County,7370
South Dakota,Faulk County,2126
South Dakota,Grant County,7463
South Dakota,Gregory County,3962
South Dakota,Haakon County,1826
South Dakota,Hamlin County,6352
South Dakota,Hand County,3140
South Dakota,Hanson County,3461
South Dakota,Harding County,1330
South Dakota,Hughes County,17692
South Dakota,Hutchinson County,7368
South Dakota,Hyde County,1184
South Dakota,Jackson County,2821
South Dakota,Jerauld County,1650
South Dakota,Jones County,884
South Dakota,Kingsbury County,5294
South Dakota,Lake County,10972
South Dakota,Lawrence County,27214
South Dakota,Lincoln County,70987
South Dakota,Lyman County,3692
South Dakota,McCook County,5778
South Dakota,McPherson County,2395
South Dakota,Marshall County,4374
South Dakota,Meade County,30698
South Dakota,Mellette County,1892
South Dakota,Miner County,2304
South Dakota,Minnehaha County,203971
South Dakota,Moody County,6349
South Dakota,Oglala Lakota County,13519
South Dakota,Pennington County,114461
South Dakota,Perkins County,2804
South Dakota,Potter County,2438
South Dakota,Roberts County,10163
South Dakota,Sanborn County,2415
South Dakota,Spink County,6235
South Dakota,Stanley County,2999
South Dakota,Sully County,1471
South Dakota,Todd County,9220
South Dakota,Tripp County,5565
South Dakota,Turner County,8856
South Dakota,Union County,17063
South Dakota,Walworth County,5265
South Dakota,Yankton County,23373
South Dakota,Ziebach County,2395
Tennessee,Tennessee,7051339
Tennessee,Anderson County,78913
Tennessee,Bedford County,51950
Tennessee,Benton County,16002
Tennessee,Bledsoe County,14798
Tennessee,Blount County,139958
Tennessee,Bradley County,110616
Tennessee,Campbell County,39584
Tennessee,Cannon County,14788
Tennessee,Carroll County,28458
Tennessee,Carter County,56410
Tennessee,Cheatham County,41830
Tennessee,Chester County,17609
Tennessee,Claiborne County,32431
Tennessee,Clay County,7620
Tennessee,Cocke County,36879
Tennessee,Coffee County,59728
Tennessee,Crockett County,13888
Tennessee,Cumberland County,63522
Tennessee,Davidson County,708144
Tennessee,Decatur County,11564
Tennessee,DeKalb County,21003
Tennessee,Dickson County,55761
Tennessee,Dyer County,36410
Tennessee,Fayette County,43630
Tennessee,Fentress County,19332
Tennessee,Franklin County,43942
Tennessee,Gibson County,50837
Tennessee,Giles County,30554
Tennessee,Grainger County,24277
Tennessee,Greene County,71405
Tennessee,Grundy County,13783
Tennessee,Hamblen County,65168
Tennessee,Hamilton County,374682
Tennessee,Hancock County,6845
Tennessee,Hardeman County,25529
Tennessee,Hardin County,27077
Tennessee,Hawkins County,58043
Tennessee,Haywood County,17550
Tennessee,Henderson County,27929
Tennessee,Henry County,32379
Tennessee,Hickman County,25455
Tennessee,Houston County,8219
Tennessee,Humphreys County,19106
Tennessee,Jackson County,11989
Tennessee,Jefferson County,56727
Tennessee,Johnson County,18086
Tennessee,Knox County,494574
Tennessee,Lake County,6507
Tennessee,Lauderdale County,24793
Tennessee,Lawrence County,45415
Tennessee,Lewis County,12957
Tennessee,Lincoln County,36004
Tennessee,Loudon County,58181
Tennessee,McMinn County,54719
Tennessee,McNairy County,25988
Tennessee,Macon County,26229
Tennessee,Madison County,99245
Tennessee,Marion County,29094
Tennessee,Marshall County,35878
Tennessee,Maury County,108159
Tennessee,Meigs County,13272
Tennessee,Monroe County,47740
Tennessee,Montgomery County,235201
Tennessee,Moore County,6742
Tennessee,Morgan County,21224
Tennessee,Obion County,30394
Tennessee,Overton County,23044
Tennessee,Perry County,8685
Tennessee,Pickett County,5107
Tennessee,Polk County,17863
Tennessee,Putnam County,82382
Tennessee,Rhea County,33730
Tennessee,Roane County,55082
Tennessee,Robertson County,75470
Tennessee,Rutherford County,360619
Tennessee,Scott County,22035
Tennessee,Sequatchie County,16909
Tennessee,Sevier County,98789
Tennessee,Shelby County,916371
Tennessee,Smith County,20489
Tennessee,Stewart County,14035
Tennessee,Sullivan County,160820
Tennessee,Sumner County,203858
Tennessee,Tipton County,61656
Tennessee,Trousdale County,12111
Tennessee,Unicoi County,17674
Tennessee,Union County,20452
Tennessee,Van Buren County,6429
Tennessee,Warren County,42026
Tennessee,Washington County,136172
Tennessee,Wayne County,16308
Tennessee,Weakley County,33063
Tennessee,White County,28064
Tennessee,Williamson County,260815
Tennessee,Wilson County,158555
Texas,Texas,30029572
Texas,Anderson County,58064
Texas,Andrews County,18334
Texas,Angelina County,87101
Texas,Aransas County,24944
Texas,Archer County,8835
Texas,Armstrong County,1850
Texas,Atascosa County,50864
Texas,Austin County,31097
Texas,Bailey County,6779
Texas,Bandera County,22115
Texas,Bastrop County,106188
Texas,Baylor County,3466
Texas,Bee County,30394
Texas,Bell County,388386
Texas,Bexar County,2059530
Texas,Blanco County,12418
Texas,Borden County,585
Texas,Bosque County,18697
Texas,Bowie County,92035
Texas,Brazoria County,388181
Texas,Brazos County,242014
Texas,Brewster County,9343
Texas,Briscoe County,1431
Texas,Brooks County,6906
Texas,Brown County,38373
Texas,Burleson County,18657
Texas,Burnet County,52502
Texas,Caldwell County,47848
Texas,Calhoun County,19706
Texas,Callahan County,14210
Texas,Cameron County,425208
Texas,Camp County,12716
Texas,Carson County,5784
Texas,Cass County,28539
Texas,Castro County,7298
Texas,Chambers County,51288
Texas,Cherokee County,51645
Texas,Childress County,6809
Texas,Clay County,10486
Texas,Cochran County,2526
Texas,Coke County,3333
Texas,Coleman County,7850
Texas,Collin County,1158696
Texas,Collingsworth County,2568
Texas,Colorado County,20754
Texas,Comal County,184642
Texas,Comanche County,13878
Texas,Concho County,3340
Texas,Cooke County,43050
Texas,Coryell County,85057
Texas,Cottle County,1307
Texas,Crane County,4546
Texas,Crockett County,2943
Texas,Crosby County,4998
Texas,Culberson County,2155
Texas,Dallam County,7241
Texas,Dallas County,2600840
Texas,Dawson County,12130
Texas,Deaf Smith County,18377
Texas,Delta County,5406
Texas,Denton County,977281
Texas,DeWitt County,19772
Texas,Dickens County,1726
Texas,Dimmit County,8387
Texas,Donley County,3339
Texas,Duval County,9888
Texas,Eastland County,17944
Texas,Ector County,160869
Texas,Edwards County,1422
Texas,Ellis County,212182
Texas,El Paso County,868763
Texas,Erath County,43895
Texas,Falls County,17049
Texas,Fannin County,37125
Texas,Fayette County,24913
Texas,Fisher County,3622
Texas,Floyd County,5235
Texas,Foard County,1057
Texas,Fort Bend County,889146
Texas,Franklin County,10618
Texas,Freestone County,19950
Texas,Frio County,17815
Texas,Gaines County,22181
Texas,Galveston County,357117
Texas,Garza County,6262
Texas,Gillespie County,27477
Texas,Glasscock County,1164
Texas,Goliad County,7131
Texas,Gonzales County,19832
Texas,Gray County,21015
Texas,Grayson County,143131
Texas,Gregg County,125443
Texas,Grimes County,30754
Texas,Guadalupe County,182760
Texas,Hale County,31827
Texas,Hall County,2810
Texas,Hamilton County,8298
Texas,Hansford County,5151
Texas,Hardeman County,3516
Texas,Hardin County,57811
Texas,Harris County,4780913
Texas,Harrison County,69955
Texas,Hartley County,5208
Texas,Haskell County,5403
Texas,Hays County,269225
Texas,Hemphill County,3217
Texas,Henderson County,84511
Texas,Hidalgo County,888367
Texas,Hill County,37329
Texas,Hockley County,21161
Texas,Hood County,66373
Texas,Hopkins County,37804
Texas,Houston County,21950
Texas,Howard County,33672
Texas,Hudspeth County,3432
Texas,Hunt County,108282
Texas,Hutchinson County,20215
Texas,Irion County,1530
Texas,Jack County,8922
Texas,Jackson County,15142
Texas,Jasper County,32484
Texas,Jeff Davis County,1903
Texas,Jefferson County,250830
Texas,Jim Hogg County,4763
Texas,Jim Wells County,38826
Texas,Johnson County,195506
Texas,Jones County,19935
Texas,Karnes County,14836
Texas,Kaufman County,172366
Texas,Kendall County,48973
Texas,Kenedy County,358
Texas,Kent County,740
Texas,Kerr County,53741
Texas,Kimble County,4422
Texas,King County,233
Texas,Kinney County,3128
Texas,Kleberg County,30362
Texas,Knox County,3273
Texas,Lamar County,50484
Texas,Lamb County,12724
Texas,Lampasas County,22785
Texas,La Salle County,6604
Texas,Lavaca County,20589
Texas,Lee County,17954
Texas,Leon County,16209
Texas,Liberty County,101992
Texas,Limestone County,22253
Texas,Lipscomb County,2854
Texas,Live Oak County,11428
Texas,Llano County,22540
Texas,Loving County,51
Texas,Lubbock County,317561
Texas,Lynn County,5724
Texas,McCulloch County,7497
Texas,McLennan County,266836
Texas,McMullen County,576
Texas,Madison County,13661
Texas,Marion County,9560
Texas,Martin County,5217
Texas,Mason County,3982
Texas,Matagorda County,36125
Texas,Maverick County,57843
Texas,Medina County,53723
Texas,Menard County,1968
Texas,Midland County,171999
Texas,Milam County,25628
Texas,Mills County,4500
Texas,Mitchell County,8943
Texas,Montague County,21063
Texas,Montgomery County,678490
Texas,Moore County,20996
Texas,Morris County,12083
Texas,Motley County,1032
Texas,Nacogdoches County,64862
Texas,Navarro County,54636
Texas,Newton County,12052
Texas,Nolan County,14473
Texas,Nueces County,351674
Texas,Ochiltree County,9606
Texas,Oldham County,1752
Texas,Orange County,84934
Texas,Palo Pinto County,29239
Texas,Panola County,22677
Texas,Parker County,165834
Texas,Parmer County,9620
Texas,Pecos County,14735
Texas,Polk County,53255
Texas,Potter County,115645
Texas,Presidio County,5939
Texas,Rains County,12823
Texas,Randall County,146140
Texas,Reagan County,3135
Texas,Real County,2840
Texas,Red River County,11542
Texas,Reeves County,12905
Texas,Refugio County,6632
Texas,Roberts County,803
Texas,Robertson County,17153
Texas,Rockwall County,123208
Texas,Runnels County,9859
Texas,Rusk County,53333
Texas,Sabine County,10048
Texas,San Augustine County,7857
Texas,San Jacinto County,28348
Texas,San Patricio County,69954
Texas,San Saba County,5824
Texas,Schleicher County,2357
Texas,Scurry County,16686
Texas,Shackelford County,3186
Texas,Shelby County,24008
Texas,Sherman County,2799
Texas,Smith County,241922
Texas,Somervell County,9757
Texas,Starr County,65728
Texas,Stephens County,9390
Texas,Sterling County,1417
Texas,Stonewall County,1182
Texas,Sutton County,3217
Texas,Swisher County,6881
Texas,Tarrant County,2154595
Texas,Taylor County,145163
Texas,Terrell County,693
Texas,Terry County,11567
Texas,Throckmorton County,1550
Texas,Titus County,31208
Texas,Tom Green County,118892
Texas,Travis County,1326436
Texas,Trinity County,13996
Texas,Tyler County,20030
Texas,Upshur County,42488
Texas,Upton County,3152
Texas,Uvalde County,24940
Texas,Val Verde County,47606
Texas,Van Zandt County,62859
Texas,Victoria County,91065
Texas,Walker County,78870
Texas,Waller County,61894
Texas,Ward County,10964
Texas,Washington County,36159
Texas,Webb County,267780
Texas,Wharton County,41824
Texas,Wheeler County,4807
Texas,Wichita County,129978
Texas,Wilbarger County,12491
Texas,Willacy County,20143
Texas,Williamson County,671418
Texas,Wilson County,52735
Texas,Winkler County,7306
Texas,Wise County,74895
Texas,Wood County,46857
Texas,Yoakum County,7451
Texas,Young County,17962
Texas,Zapata County,13849
Texas,Zavala County,9377
Utah,Utah,3380800
Utah,Beaver County,7327
Utah,Box Elder County,61498
Utah,Cache County,140173
Utah,Carbon County,20571
Utah,Daggett County,1014
Utah,Davis County,369948
Utah,Duchesne County,20161
Utah,Emery County,10099
Utah,Garfield County,5281
Utah,Grand County,9769
Utah,Iron County,62429
Utah,Juab County,12567
Utah,Kane County,8227
Utah,Millard County,13330
Utah,Morgan County,12832
Utah,Piute County,1487
Utah,Rich County,2628
Utah,Salt Lake County,1186257
Utah,San Juan County,14359
Utah,Sanpete County,29724
Utah,Sevier County,22069
Utah,Summit County,43036
Utah,Tooele County,79934
Utah,Uintah County,37141
Utah,Utah County,702434
Utah,Wasatch County,36619
Utah,Washington County,197680
Utah,Wayne County,2645
Utah,Weber County,269561
Vermont,Vermont,647064
Vermont,Addison County,37578
Vermont,Bennington County,37392
Vermont,Caledonia County,30579
Vermont,Chittenden County,169301
Vermont,Essex County,5994
Vermont,Franklin County,50731
Vermont,Grand Isle County,7489
Vermont,Lamoille County,26090
Vermont,Orange County,29846
Vermont,Orleans County,27666
Vermont,Rutland County,60366
Vermont,Washington County,60048
Vermont,Windham County,45842
Vermont,Windsor County,58142
Virginia,Virginia,8683619
Virginia,Accomack County,33191
Virginia,Albemarle County,114534
Virginia,Alleghany County,14835
Virginia,Amelia County,13455
Virginia,Amherst County,31589
Virginia,Appomattox County,16748
Virginia,Arlington County,234000
Virginia,Augusta County,78064
Virginia,Bath County,4049
Virginia,Bedford County,80848
Virginia,Bland County,6148
Virginia,Botetourt County,34135
Virginia,Brunswick County,15921
Virginia,Buchanan County,19352
Virginia,Buckingham County,16982
Virginia,Campbell County,55141
Virginia,Caroline County,31957
Virginia,Carroll County,29147
Virginia,Charles City County,6605
Virginia,Charlotte County,11475
Virginia,Chesterfield County,378408
Virginia,Clarke County,15266
Virginia,Craig County,4847
Virginia,Culpeper County,54381
Virginia,Cumberland County,9746
Virginia,Dickenson County,13725
Virginia,Dinwiddie County,28161
Virginia,Essex County,10630
Virginia,Fairfax County,1138331
Virginia,Fauquier County,74664
Virginia,Floyd County,15619
Virginia,Fluvanna County,28159
Virginia,Franklin County,55074
Virginia,Frederick County,95051
Virginia,Giles County,16453
Virginia,Gloucester County,39493
Virginia,Goochland County,26109
Virginia,Grayson County,15343
Virginia,Greene County,21107
Virginia,Greensville County,11226
Virginia,Halifax County,33644
Virginia,Hanover County,112938
Virginia,Henrico County,333962
Virginia,Henry County,49906
Virginia,Highland County,2301
Virginia,Isle of Wight County,40151
Virginia,James City County,81199
Virginia,King and Queen County,6718
Virginia,King George County,27856
Virginia,King William County,18492
Virginia,Lancaster County,10750
Virginia,Lee County,21982
Virginia,Loudoun County,432085
Virginia,Louisa County,40116
Virginia,Lunenburg County,12031
Virginia,Madison County,14000
Virginia,Mathews County,8490
Virginia,Mecklenburg County,30508
Virginia,Middlesex County,10943
Virginia,Montgomery County,98915
Virginia,Nelson County,14652
Virginia,New Kent County,24986
Virginia,Northampton County,11900
Virginia,Northumberland County,12302
Virginia,Nottoway County,15559
Virginia,Orange County,37991
Virginia,Page County,23750
Virginia,Patrick County,17643
Virginia,Pittsylvania County,59952
Virginia,Powhatan County,31489
Virginia,Prince Edward County,21927
Virginia,Prince George County,43134
Virginia,Prince William County,486943
Virginia,Pulaski County,33706
Virginia,Rappahannock County,7502
Virginia,Richmond County,9080
Virginia,Roanoke County,96914
Virginia,Rockbridge County,22593
Virginia,Rockingham County,85397
Virginia,Russell County,25448
Virginia,Scott County,21476
Virginia,Shenandoah County,44968
Virginia,Smyth County,29449
Virginia,Southampton County,17932
Virginia,Spotsylvania County,146688
Virginia,Stafford County,163380
Virginia,Surry County,6527
Virginia,Sussex County,10680
Virginia,Tazewell County,39821
Virginia,Warren County,41440
Virginia,Washington County,53958
Virginia,Westmoreland County,18712
Virginia,Wise County,35421
Virginia,Wythe County,28111
Virginia,York County,71341
Virginia,Alexandria city,155525
Virginia,Bristol city,16975
Virginia,Buena Vista city,6591
Virginia,Charlottesville city,45373
Virginia,Chesapeake city,252488
Virginia,Colonial Heights city,18294
Virginia,Covington city,5679
Virginia,Danville city,42229
Virginia,Emporia city,5481
Virginia,Fairfax city,24835
Virginia,Falls Church city,14586
Virginia,Franklin city,8247
Virginia,Fredericksburg city,28757
Virginia,Galax city,6730
Virginia,Hampton city,138037
Virginia,Harrisonburg city,51158
Virginia,Hopewell city,22962
Virginia,Lexington city,7457
Virginia,Lynchburg city,79287
Virginia,Manassas city,42642
Virginia,Manassas Park city,16703
Virginia,Martinsville city,13725
Virginia,Newport News city,184306
Virginia,Norfolk city,232995
Virginia,Norton city,3609
Virginia,Petersburg city,33394
Virginia,Poquoson city,12582
Virginia,Portsmouth city,97029
Virginia,Radford city,16738
Virginia,Richmond city,229395
Virginia,Roanoke city,97847
Virginia,Salem city,25523
Virginia,Staunton city,25904
Virginia,Suffolk city,98537
Virginia,Virginia Beach city,455618
Virginia,Waynesboro city,22808
Virginia,Williamsburg city,15909
Virginia,Winchester city,27936
Washington,Washington,7785786
Washington,Adams County,20961
Washington,Asotin County,22508
Washington,Benton County,212791
Washington,Chelan County,79926
Washington,Clallam County,77805
Washington,Clark County,516779
Washington,Columbia County,4026
Washington,Cowlitz County,111956
Washington,Douglas County,44192
Washington,Ferry County,7448
Washington,Franklin County,98678
Washington,Garfield County,2363
Washington,Grant County,101311
Washington,Grays Harbor County,77038
Washington,Island County,86625
Washington,Jefferson County,33589
Washington,King County,2266789
Washington,Kitsap County,277673
Washington,Kittitas County,45189
Washington,Klickitat County,23271
Washington,Lewis County,85370
Washington,Lincoln County,11601
Washington,Mason County,68166
Washington,Okanogan County,43127
Washington,Pacific County,24113
Washington,Pend Oreille County,14179
Washington,Pierce County,927380
Washington,San Juan County,18662
Washington,Skagit County,131179
Washington,Skamania County,12460
Washington,Snohomish County,840079
Washington,Spokane County,549690
Washington,Stevens County,48229
Washington,Thurston County,298758
Washington,Wahkiakum County,4688
Washington,Walla Walla County,61890
Washington,Whatcom County,230677
Washington,Whitman County,47619
Washington,Yakima County,257001
West Virginia,West Virginia,1775156
West Virginia,Barbour County,15414
West Virginia,Berkeley County,129490
West Virginia,Boone County,20968
West Virginia,Braxton County,12185
West Virginia,Brooke County,21733
West Virginia,Cabell County,92730
West Virginia,Calhoun County,6068
West Virginia,Clay County,7814
West Virginia,Doddridge County,7698
West Virginia,Fayette County,39487
West Virginia,Gilmer County,7325
West Virginia,Grant County,10968
West Virginia,Greenbrier County,32435
West Virginia,Hampshire County,23468
West Virginia,Hancock County,28172
West Virginia,Hardy County,14192
West Virginia,Harrison County,64915
West Virginia,Jackson County,27716
West Virginia,Jefferson County,58979
West Virginia,Kanawha County,175515
West Virginia,Lewis County,16767
West Virginia,Lincoln County,19901
West Virginia,Logan County,31316
West Virginia,McDowell County,17850
West Virginia,Marion County,55952
West Virginia,Marshall County,29752
West Virginia,Mason County,25000
West Virginia,Mercer County,58700
West Virginia,Mineral County,26855
West Virginia,Mingo County,22573
West Virginia,Monongalia County,106869
West Virginia,Monroe County,12296
West Virginia,Morgan County,17430
West Virginia,Nicholas County,24335
West Virginia,Ohio County,41447
West Virginia,Pendleton County,6011
West Virginia,Pleasants County,7586
West Virginia,Pocahontas County,7819
West Virginia,Preston County,34172
West Virginia,Putnam County,57015
West Virginia,Raleigh County,72882
West Virginia,Randolph County,27600
West Virginia,Ritchie County,8207
West Virginia,Roane County,13834
West Virginia,Summers County,11762
West Virginia,Taylor County,16342
West Virginia,Tucker County,6568
West Virginia,Tyler County,8183
West Virginia,Upshur County,23712
West Virginia,Wayne County,37998
West Virginia,Webster County,8167
West Virginia,Wetzel County,14025
West Virginia,Wirt County,5091
West Virginia,Wood County,83340
West Virginia,Wyoming County,20527
Wisconsin,Wisconsin,5892539
Wisconsin,Adams County,21226
Wisconsin,Ashland County,16039
Wisconsin,Barron County,46843
Wisconsin,Bayfield County,16608
Wisconsin,Brown County,270036
Wisconsin,Buffalo County,13391
Wisconsin,Burnett County,17036
Wisconsin,Calumet County,52718
Wisconsin,Chippewa County,66807
Wisconsin,Clark County,34691
Wisconsin,Columbia County,58193
Wisconsin,Crawford County,16007
Wisconsin,Dane County,568203
Wisconsin,Dodge County,88282
Wisconsin,Door County,30526
Wisconsin,Douglas County,44144
Wisconsin,Dunn County,45651
Wisconsin,Eau Claire County,106837
Wisconsin,Florence County,4688
Wisconsin,Fond du Lac County,103836
Wisconsin,Forest County,9381
Wisconsin,Grant County,51276
Wisconsin,Green County,36816
Wisconsin,Green Lake County,19220
Wisconsin,Iowa County,23865
Wisconsin,Iron County,6224
Wisconsin,Jackson County,20836
Wisconsin,Jefferson County,85784
Wisconsin,Juneau County,26866
Wisconsin,Kenosha County,167817
Wisconsin,Kewaunee County,20623
Wisconsin,La Crosse County,120294
Wisconsin,Lafayette County,16877
Wisconsin,Langlade County,19559
Wisconsin,Lincoln County,28376
Wisconsin,Manitowoc County,81172
Wisconsin,Marathon County,137958
Wisconsin,Marinette County,41988
Wisconsin,Marquette County,15779
Wisconsin,Menominee County,4197
Wisconsin,Milwaukee County,918661
Wisconsin,Monroe County,46109
Wisconsin,Oconto County,39633
Wisconsin,Oneida County,38212
Wisconsin,Outagamie County,192127
Wisconsin,Ozaukee County,93009
Wisconsin,Pepin County,7410
Wisconsin,Pierce County,42532
Wisconsin,Polk County,45709
Wisconsin,Portage County,70718
Wisconsin,Price County,14179
Wisconsin,Racine County,195846
Wisconsin,Richland County,17090
Wisconsin,Rock County,164060
Wisconsin,Rusk County,14186
Wisconsin,St. Croix County,96017
Wisconsin,Sauk County,65777
Wisconsin,Sawyer County,18559
Wisconsin,Shawano County,40886
Wisconsin,Sheboygan County,117841
Wisconsin,Taylor County,19975
Wisconsin,Trempealeau County,30899
Wisconsin,Vernon County,31060
Wisconsin,Vilas County,23763
Wisconsin,Walworth County,105380
Wisconsin,Washburn County,16911
Wisconsin,Washington County,137688
Wisconsin,Waukesha County,410434
Wisconsin,Waupaca County,51488
Wisconsin,Waushara County,24999
Wisconsin,Winnebago County,170718
Wisconsin,Wood County,73993
Wyoming,Wyoming,581381
Wyoming,Albany County,38031
Wyoming,Big Horn County,11855
Wyoming,Campbell County,47058
Wyoming,Carbon County,14542
Wyoming,Converse County,13786
Wyoming,Crook County,7448
Wyoming,Fremont County,39472
Wyoming,Goshen County,12562
Wyoming,Hot Springs County,4588
Wyoming,Johnson County,8730
Wyoming,Laramie County,100723
Wyoming,Lincoln County,20660
Wyoming,Natrona County,79601
Wyoming,Niobrara County,2380
Wyoming,Park County,30518
Wyoming,Platte County,8645
Wyoming,Sheridan County,32096
Wyoming,Sublette County,8763
Wyoming,Sweetwater County,41345
Wyoming,Teton County,23287
Wyoming,Uinta County,20712
Wyoming,Washakie County,7719
Wyoming,Weston County,6860
